id,domain,status,purchase_price,renewal_price,attractiveness,demand,length,registrar,created_at,expires_at,status_verified_at
a8f47b35-bbab-45d3-a21d-0f19069100f7,sharpness.company,available,20.99,20.99,medium,low,9,namesilo,,,24/09/2026 23:08
d31526fe-57f1-4d14-8ec8-0a683772efa2,stockings.company,available,20.99,20.99,medium,low,9,namesilo,,,17/09/2026 08:14
afbaa478-60bc-425a-be49-540074511ee6,weimar.company,available,20.99,20.99,high,low,6,namesilo,,,26/09/2026 00:31
af0cde70-4086-4f55-93bd-5aab28e62fb9,coercive.company,available,3.99,23.99,medium,low,8,name.com,,,12/08/2026 15:24
56456ceb-ab7b-450a-881b-eda44440c50f,hindu.company,resell,,,high,low,5,"GoDaddy.com, LLC",28/06/2014 03:40,28/06/2027 03:40,26/09/2026 06:40
3b269785-1ab2-4916-a775-f8a6ed0f61d5,ardisia.company,available,20.99,20.99,medium,low,7,namesilo,,,20/09/2026 03:10
68615a9f-e9ed-444b-aae6-67f827781d27,namibian.company,available,20.99,20.99,high,low,8,namesilo,,,03/09/2026 12:58
1dc87eff-615f-4431-93fa-7428b073ddb9,diffident.company,available,3.99,23.99,medium,low,9,name.com,,,14/08/2026 07:01
92439d0e-ddb3-4435-82a2-1983645fd5dd,yesteryear.company,available,20.99,20.99,high,low,10,namesilo,,,08/09/2026 10:02
ff16a2f8-3f5f-4910-a3cb-8d67fec431b3,unladylike.company,available,20.99,20.99,medium,low,10,namesilo,,,12/09/2026 14:39
d30b25f7-ac80-4180-912f-df416336ba08,tub.company,premium,78.54,78.54,high,low,3,namesilo,,,
9b0da63f-01ea-4fb4-bed1-4ea78a1a8285,infant.company,available,3.99,,high,low,6,name.com,,,
081c8144-01e2-4b11-b216-998dbafcb1b0,building.company,resell,,,high,low,8,"Spaceship, Inc.",26/06/2015 21:09,26/06/2027 21:09,26/09/2026 04:39
503c4345-6c20-444e-b2ae-d918738bdec3,bizet.company,available,20.99,20.99,medium,low,5,namesilo,,,23/09/2026 23:23
b0a6db32-308a-490c-8a78-17838016ace6,omniscient.company,available,3.99,23.99,high,low,10,name.com,,,
a1859698-d268-4025-94ba-8e6ad07787a0,valuator.company,available,21.98,27.98,high,low,8,namecheap,,,19/09/2026 22:13
c12fa3dc-dc41-4d76-835d-c04f565052c8,dignifying.company,available,3.99,23.99,medium,low,10,name.com,,,14/08/2026 07:23
92cf7031-c563-4483-b353-d8108196a91a,moustaches.company,available,20.99,20.99,medium,low,10,namesilo,,,20/09/2026 09:53
5f233ebe-9fd8-43ea-a429-289022e36177,atonement.company,available,20.99,20.99,high,low,9,namesilo,,,21/09/2026 00:28
91de8d5f-6362-4e61-b3e0-c5d9f2bb5450,incline.company,available,3.99,,high,low,7,name.com,,,
8dcfa9e8-cc18-4d08-820b-21c06d8b2c75,hewn.company,available,3.99,23.99,medium,low,4,name.com,,,20/08/2026 23:16
cfb4d317-c4e2-46dd-87e6-12eadb2b0580,ritually.company,available,20.99,20.99,medium,low,8,namesilo,,,15/09/2026 23:55
522d1f75-87ed-47be-8a11-a568ef33c4b5,blow.company,available,3.99,23.99,high,low,4,name.com,,,23/09/2026 01:59
6288ffe1-c74e-47f9-a0a2-a01698cb5a8c,actias.company,available,20.99,20.99,medium,low,6,namesilo,,,17/09/2026 04:29
71a66693-904a-49b3-9814-88e8f05cdcd7,starry.company,available,3.99,23.99,high,low,6,name.com,,,10/09/2026 18:58
2fdda55f-8382-44a1-bb92-a6b43f0d836e,daft.company,available,3.99,23.99,high,low,4,name.com,,,06/08/2026 20:50
cea420bd-9e36-402b-b871-51db1b5204c9,morose.company,available,3.99,23.99,medium,low,6,name.com,,,20/08/2026 15:01
4b115193-44fb-4779-8dab-30b0e494589b,chances.company,available,20.99,20.99,medium,low,7,namesilo,,,25/09/2026 16:56
f14f9015-397f-4764-8ed7-e072464c3216,metrical.company,available,3.99,23.99,medium,low,8,name.com,,,24/08/2026 22:08
aafef153-7cad-4bf7-8727-33ed1f17c255,swoon.company,available,3.99,23.99,high,low,5,name.com,,,17/08/2026 21:03
7d450bb9-4b6c-49be-8d5a-dbd194f07343,oddball.company,available,3.99,23.99,high,low,7,name.com,,,14/08/2026 23:25
f393f3ed-2083-4e25-9d2e-442eb1fafc5c,wiccan.company,available,20.99,20.99,high,low,6,namesilo,,,13/09/2026 11:46
81a417c2-02f3-4eb0-a5e9-7647d9bd7f2d,windmills.company,available,20.99,20.99,medium,low,9,namesilo,,,20/09/2026 13:55
94ff879b-014d-4e47-a017-983f9c5a68b1,epitope.company,available,21.98,27.98,medium,low,7,namecheap,,,19/09/2026 14:25
99f65307-a655-4fee-aaaf-5e5215b97e15,beleaguer.company,available,20.99,20.99,medium,low,9,namesilo,,,21/09/2026 17:03
a95d2166-cdbd-4704-b710-52beda1e46de,debut.company,premium,16.9,16.9,high,low,5,namecheap,,,24/09/2026 21:09
1c947e8e-155d-490a-ad96-9670b3702eed,tubes.company,available,20.99,20.99,medium,low,5,namesilo,,,20/09/2026 00:50
78913e92-8880-443f-9370-b236ff987727,babylonian.company,available,3.99,23.99,medium,low,10,name.com,,,08/08/2026 03:58
d22468a2-4fe8-45ed-b027-d0903e88bab8,patently.company,available,21.98,27.98,medium,low,8,namecheap,,,08/09/2026 20:24
69f1c517-37e5-46e1-ad28-fbaf653b0730,grindle.company,available,21.98,27.98,medium,low,7,namecheap,,,18/09/2026 21:21
a46e72c1-9f7f-486d-94d2-530dd3515efb,wassermann.company,available,20.99,20.99,high,low,10,namesilo,,,21/09/2026 03:49
3e74da9c-65ea-48d9-9d92-e8310db73958,sixer.company,available,3.99,23.99,medium,low,5,name.com,,,
17a85a70-7ade-493e-b084-36e09c88bdf2,unsheathed.company,available,20.99,20.99,medium,low,10,namesilo,,,12/09/2026 19:47
cb45e00b-e380-448d-b007-2d87afd239d8,airburst.company,available,21.98,27.98,medium,low,8,namecheap,,,17/09/2026 23:00
8bfddc58-fa30-466e-b74d-076a6afcae8b,prompting.company,available,20.99,20.99,high,low,9,namesilo,,,27/09/2026 07:31
3454137d-06d3-414c-8fe2-447c28fe6c90,puissant.company,available,20.99,20.99,medium,low,8,namesilo,,,09/09/2026 05:53
7a495bb2-e892-4a73-9bbb-99c0ef46b5e3,pondered.company,available,20.99,20.99,medium,low,8,namesilo,,,18/09/2026 02:08
310a4bbb-b775-46e2-8d8e-4733b9cea38e,apr.company,resell,,,high,low,3,Dynadot Inc,07/03/2026 17:00,07/03/2027 17:00,26/09/2026 03:57
24b73d8e-5727-4a87-98c2-4b9b9df214d5,luncheon.company,available,3.99,,high,low,8,name.com,,,
47eb1d08-1e95-4c37-aaeb-2c3f5eb32f1b,herbaceous.company,available,3.99,23.99,high,low,10,name.com,,,21/08/2026 06:56
86410954-9c5a-4252-8778-c0cba35b2bb2,godzilla.company,available,,,high,medium,8,,,,
6c9012c8-476d-4741-a6b3-c0aa39e59e1d,alidad.company,available,20.99,20.99,medium,low,6,namesilo,,,18/09/2026 07:31
cfd1201a-617f-4650-805c-424af2964100,bothersome.company,available,3.99,23.99,medium,low,10,name.com,,,
84c832f8-b3ae-47d5-9b12-8d5cf0dbbef8,suspend.company,available,3.99,,high,low,7,name.com,,,
42379166-06ce-4768-9d75-67f392dba8aa,anglian.company,available,21.98,27.98,high,low,7,namecheap,,,19/09/2026 06:48
4905fe90-74bc-4d71-a379-a6c5b3ce4e53,likewise.company,available,21.98,27.98,high,low,8,namecheap,,,22/09/2026 00:06
14e3bc25-f7bb-4357-81cb-24cda44776a5,beginning.company,premium,15.34,15.34,high,low,9,namesilo,,,09/08/2026 09:06
59bbf630-e45c-49c5-89d1-0d32ba444ca4,clive.company,available,20.99,20.99,high,low,5,namesilo,,,22/09/2026 07:05
b1d7be1b-87df-4a3c-ac84-0079a9c66bb8,auspicate.company,available,20.99,20.99,medium,low,9,namesilo,,,21/09/2026 03:29
69d12b8b-048e-440f-8fbb-7519d46a90f9,deal.company,resell,,,high,low,4,Unstoppable Domains Inc,22/12/2023 15:15,22/12/2026 15:15,26/09/2026 05:26
82fd2d07-35d5-47b7-888e-45382b50d2a8,apocrypha.company,available,21.98,27.98,medium,low,9,namecheap,,,19/09/2026 18:13
6aff5fd8-e606-4a43-bdb1-4cd33a13faac,banshie.company,available,20.99,20.99,medium,low,7,namesilo,,,22/09/2026 03:10
cfb28419-c599-4cf1-971c-e79badbe0e85,reacted.company,available,21.98,27.98,medium,low,7,namecheap,,,20/09/2026 00:48
db10e5ee-9d87-4850-8bcb-37ded00ed5b6,atf.company,premium,260,260,high,low,3,namecheap,,,20/09/2026 20:14
76c04691-4197-48ec-9f9b-aa91b50d84c8,cleanable.company,available,3.99,23.99,medium,low,9,name.com,,,12/08/2026 10:19
55d2b22e-276b-4339-b25d-ee2761963513,algometer.company,available,20.99,20.99,medium,low,9,namesilo,,,18/09/2026 07:11
c3b9103b-bd16-4b8a-9931-31dcfb65c118,modesty.company,available,,,high,low,7,,,,
b9f64cc3-a44b-4597-9d58-1b426a602f8d,pained.company,available,20.99,20.99,medium,low,6,namesilo,,,04/09/2026 01:26
7d6635ee-9b44-4fd7-b661-345284a5ec5e,angled.company,available,3.99,23.99,high,low,6,name.com,,,
ebfbfeb8-9524-4624-9f53-e33d6e6473fd,flinty.company,available,3.99,23.99,medium,low,6,name.com,,,18/08/2026 08:18
40099937-00f6-4123-9d2b-8f20054eff0a,opened.company,available,20.99,20.99,high,low,6,namesilo,,,04/09/2026 16:13
ac2ae7d9-1647-46f2-aa75-94d57ff7f7c2,lease.company,resell,,,high,low,5,"Spaceship, Inc.",16/03/2014 16:00,16/03/2027 16:00,26/09/2026 07:11
4a3b16a5-69ea-4e5e-b15f-bc8ae6b990e5,solidified.company,available,20.99,20.99,high,low,10,namesilo,,,10/09/2026 13:41
79c8d915-da97-42ea-a609-02f7a2a0484e,multitude.company,available,3.99,,high,low,9,name.com,,,
b92bc93f-deeb-4a9e-b8b3-6eef122676f6,terzetto.company,available,3.99,23.99,medium,low,8,name.com,,,
e05b3ef3-08ca-4629-8ccd-d72d0839afc1,milne.company,available,20.99,20.99,medium,low,5,namesilo,,,16/09/2026 12:53
0483c591-46de-401b-bf32-f2b47e477f63,safe.company,resell,,,high,medium,4,"Spaceship, Inc.",28/08/2023 15:15,28/08/2027 15:15,26/09/2026 08:46
f4260560-948b-4820-9323-70276a92daa4,defiantly.company,available,20.99,20.99,medium,low,9,namesilo,,,14/09/2026 08:33
87eabb6c-fcdf-408a-9483-3e7373a4a893,heptad.company,available,3.99,23.99,medium,low,6,name.com,,,
ec023324-5339-4b56-b661-570dde5233cf,ohmygosh.company,available,3.99,,high,low,8,name.com,,,
5bec0541-8c76-443f-87db-693f2ce38fef,gettysburg.company,available,21.98,27.98,medium,low,10,namecheap,,,22/09/2026 15:05
cb7b2282-bed5-4ddc-8514-404196d47862,axiomatic.company,available,3.99,23.99,medium,low,9,name.com,,,05/08/2026 23:27
10857ea4-dd13-4eae-80e0-f0b1452cf1be,dataflows.company,available,20.99,20.99,low,low,10,namesilo,,,21/09/2026 05:22
48a75d10-8131-4aa3-90d4-5049f778d79b,curvey.company,available,3.99,23.99,medium,low,6,name.com,,,13/08/2026 11:51
28bcecf7-b2e9-41d8-b494-7bd4db053c61,imprisoned.company,available,3.99,23.99,medium,low,10,name.com,,,11/08/2026 18:22
d275a1ad-fb50-42c9-9ca4-fd74c65cfd22,brow.company,available,3.99,,high,low,4,name.com,,,
cac47a9d-3dea-4af4-b2da-e5e1d3914f9d,acetyl.company,available,21.98,27.98,medium,low,6,namecheap,,,17/09/2026 00:19
11f0e616-9d97-408a-99ac-3023e7daacf6,bigotry.company,available,20.99,20.99,medium,low,7,namesilo,,,23/09/2026 15:23
b1cf6581-88bc-4628-ab3d-4caac58c35ee,nun.company,premium,242,242,high,low,3,namesilo,,,
48794ab8-c218-4ae9-a260-6f71dd492d6c,abidance.company,available,20.99,20.99,medium,low,8,namesilo,,,16/09/2026 15:33
1b4be643-e6b1-48ac-b301-c8f7c94b3f33,amnic.company,available,3.99,23.99,medium,low,5,name.com,,,
59c32cf0-f7e5-4adc-9dde-d2cdf7e4a0cb,slide.company,available,,,high,low,5,,,,
1caee1d1-a13e-4b3a-a931-059bccd25cb4,gorge.company,available,20.99,20.99,medium,low,5,namesilo,,,23/09/2026 17:20
6ed52767-1047-400e-93a0-50823d78b918,araguaia.company,available,20.99,20.99,medium,low,8,namesilo,,,19/09/2026 23:45
586b25f7-adb4-4038-8ac7-185f3cdd9478,drown.company,available,3.99,,medium,low,5,name.com,,,
331903dc-5f87-4bc9-a00c-49d4169f09d6,uml.company,premium,15.34,15.34,high,low,3,namesilo,,,
79e161fa-56c0-42c7-b407-9eb229888383,ternate.company,available,20.99,20.99,medium,low,7,namesilo,,,11/09/2026 11:53
ebe209e6-57aa-47f7-8792-24fdd0d1eae4,affirmations.company,available,20.99,20.99,high,low,12,namesilo,,,21/09/2026 01:56
288052b1-7277-469b-9f5d-03097e3c778d,surrounded.company,available,3.99,23.99,high,low,10,name.com,,,16/08/2026 22:16
1e1af440-661f-461f-8420-11091c3bc4a8,shutting.company,available,3.99,23.99,high,low,8,name.com,,,12/08/2026 12:22
7f7c2f2b-5d4a-4cdd-8c69-29d7aa154810,beforehand.company,available,3.99,23.99,medium,low,10,name.com,,,09/08/2026 08:51
9ab9a773-c638-41e5-894e-afd40f16b27b,firedog.company,available,20.99,20.99,medium,low,7,namesilo,,,19/09/2026 04:06
6180798c-8dbf-4868-9227-baf24a93b5fd,stud.company,available,20.99,20.99,high,low,4,namesilo,,,24/09/2026 23:35
10a49b68-79a2-42d6-bd35-e3b626707cb6,disposable.company,resell,,,high,low,10,"GoDaddy.com, LLC",20/08/2022 13:39,20/08/2027 13:39,26/09/2026 05:36
13b54d58-c097-471a-8922-525588a413a9,unanimous.company,available,3.99,23.99,high,low,9,name.com,,,12/08/2026 22:33
07a57f58-caf5-4ea5-925b-b3e8a6b34b9d,palace.company,resell,,,high,low,6,"Xiamen ChinaSource Internet Service Co., Ltd",11/07/2022 17:00,11/07/2027 17:00,26/09/2026 08:00
455ed17d-68b1-423e-9600-62a23d520ef2,hitherto.company,available,20.99,20.99,medium,low,8,namesilo,,,13/09/2026 21:48
dc9bc375-8668-4439-9e9a-c1c7f23a9d92,solvable.company,available,3.99,,high,low,8,name.com,,,
c5342915-f8de-4fc4-8877-2d7cbe351ffd,kidnapper.company,available,20.99,20.99,medium,low,9,namesilo,,,16/09/2026 14:52
3e8010f8-20ba-4e2d-82f2-2cafaec9a1bd,affiliation.company,available,3.99,,high,low,11,name.com,,,
4d478246-ce49-46c4-87de-178098a17dea,dilemma.company,available,3.99,,high,low,7,name.com,,,
2c1f985b-99e8-4d8b-9f2a-3b7589d683aa,seedless.company,available,20.99,20.99,high,low,8,namesilo,,,10/09/2026 01:45
ee69376a-ae61-4c0f-93bb-468a36a7e776,tapped.company,available,20.99,20.99,high,low,6,namesilo,,,11/09/2026 08:19
291d01ee-f52f-4097-9d18-fdab44a47c35,weak.company,available,21.98,27.98,high,low,4,namecheap,,,24/09/2026 04:57
27fec676-c6b6-47ad-81a4-175d82c7592d,hooter.company,available,20.99,20.99,high,low,6,namesilo,,,21/09/2026 07:22
925c4877-c89b-438f-9724-9aaa5c90ed9a,femoral.company,available,3.99,23.99,medium,low,7,name.com,,,18/08/2026 01:05
0d7245e4-e510-4256-aeff-63fba07bde34,apophthegm.company,available,20.99,20.99,medium,low,10,namesilo,,,19/09/2026 17:11
216c2fcc-c187-4441-bf34-3d566576a5fe,lifetime.company,resell,,,high,low,8,"Chengdu West Dimension Digital Technology Co., Ltd.",21/04/2024 17:00,21/04/2027 17:00,26/09/2026 07:13
59e8e246-c77f-4730-b431-4a17752787d0,sectarian.company,available,20.99,20.99,medium,low,9,namesilo,,,10/09/2026 01:13
a6ad4877-099c-45f5-a137-b52e6278e241,cernuous.company,available,3.99,23.99,medium,low,8,name.com,,,12/08/2026 00:44
b27ad7d9-7a39-4be3-a5bf-6c6f45a885fd,cindy.company,premium,15.34,15.34,high,low,5,namesilo,,,
8e8ec62c-d57e-48d3-882c-d4fe0ec54f5e,unfailing.company,available,3.99,23.99,high,low,9,name.com,,,18/08/2026 10:39
b36bbb4c-15f0-4fc4-8e11-b9461810c8b5,scurrilous.company,available,3.99,23.99,medium,low,10,name.com,,,
be9e6ead-e29a-4317-8bd8-e564830853f0,recessions.company,available,21.98,27.98,medium,low,10,namecheap,,,21/09/2026 06:29
efb3ff4f-7cea-48b4-bbdc-6c20c6e2c55f,patriotism.company,available,3.99,,high,low,10,name.com,,,
1d76590e-9234-439d-94ec-f2b72e0ec02e,lewd.company,available,3.99,23.99,high,low,4,name.com,,,22/08/2026 20:07
4e8542a6-d44f-4d8d-9aa6-d62b7bde4595,almandine.company,available,20.99,20.99,medium,low,9,namesilo,,,18/09/2026 12:29
2e3675be-4081-4138-b579-c979abcda52c,unstarred.company,available,20.99,20.99,medium,low,9,namesilo,,,12/09/2026 01:15
0eddc03b-df4f-4e11-a965-b4cfa791298f,cashed.company,available,3.99,23.99,high,low,6,name.com,,,11/08/2026 20:15
3b9a1d1c-740f-4554-9f2a-b6bf2c00410d,count.company,resell,,,high,low,5,"Sav.com, LLC",06/08/2026 21:04,06/08/2027 21:04,26/09/2026 05:17
04958e4a-a923-4f9b-8398-d6a142ea81ea,lip.company,premium,242,242,high,low,3,namesilo,,,
d3949614-9c9d-423e-a71d-0b2a4444dae1,argal.company,available,20.99,20.99,medium,low,5,namesilo,,,20/09/2026 04:10
8a30e9f8-6132-4875-87da-b6af391594ba,tragicomic.company,available,20.99,20.99,medium,low,10,namesilo,,,11/09/2026 18:46
d6aeb05e-213f-4df4-aa50-caaab6b3c090,hollows.company,available,20.99,20.99,low,low,7,namesilo,,,20/09/2026 18:42
34d0d9d7-3553-48e7-b6b6-f1c7d3f33609,grandkids.company,available,20.99,20.99,medium,low,9,namesilo,,,19/09/2026 23:28
fba85a36-f027-49e1-a379-0f1f7cd4bdb3,barwood.company,available,3.99,23.99,medium,low,8,name.com,,,
80940b28-8c14-45d9-86a0-2cd4d5e6ffe9,acceptable.company,available,20.99,20.99,high,low,10,namesilo,,,21/09/2026 15:23
7d6b8b2a-8a67-4827-a7d8-eb4de8b98a6c,journal.company,resell,,,high,low,7,"Spaceship, Inc.",25/06/2023 15:15,25/06/2027 15:15,26/09/2026 07:01
003ab4ec-60fc-409a-b211-c5575f84c2ba,argument.company,premium,15.34,15.34,high,low,8,namesilo,,,20/09/2026 04:49
132c1037-5b62-4e75-8b1b-2840752665db,poison.company,available,21.98,27.98,high,low,6,namecheap,,,11/09/2026 18:25
3e5014a8-cec0-4519-9c53-24353f1b5201,dickhead.company,available,3.99,23.99,medium,low,8,name.com,,,08/08/2026 23:34
11ee3a3e-85ea-4516-ab2c-6f5471d5b86a,summoned.company,available,3.99,,medium,low,8,name.com,,,
65466274-baae-4948-8460-25b921d967d4,estado.company,available,3.99,,high,low,6,name.com,,,
1330d0a2-ec80-46b3-ad9c-d23e20f54e6f,affidavit.company,available,3.99,,high,low,9,name.com,,,
8219fe03-f6be-45de-bedc-b844f6fa1add,gimpy.company,available,3.99,23.99,medium,low,5,name.com,,,13/08/2026 07:05
f6fc33a6-cd3e-41f6-85a9-b4d27ad37dfc,cared.company,available,21.98,27.98,medium,low,5,namecheap,,,25/09/2026 19:49
01c8cf68-269b-447a-85d3-74c895e3e067,sunk.company,available,20.99,20.99,medium,low,4,namesilo,,,11/09/2026 01:50
943d8437-f12c-4313-907b-7f737b4f9244,pizzeria.company,premium,15.34,15.34,high,low,8,namesilo,,,
02487926-5427-4d9d-ac44-16ea2ccc1f90,vixenish.company,available,20.99,20.99,medium,low,8,namesilo,,,13/09/2026 06:24
c7e4e944-a2e0-484f-874f-3b0491bcb056,aloes.company,premium,15.34,15.34,medium,low,5,namesilo,,,18/09/2026 13:07
089e92ae-edea-418e-9f66-fd5efd7ae713,middlemost.company,available,3.99,23.99,medium,low,10,name.com,,,24/08/2026 22:27
bc62b37d-b15e-4600-a599-3e31c1e70282,documented.company,available,20.99,20.99,high,low,10,namesilo,,,22/09/2026 11:37
cd44b25d-0206-446e-88de-2b274931e809,antenatal.company,available,3.99,23.99,high,low,9,name.com,,,22/09/2026 05:59
5db8a93b-0e86-4d8c-8272-a76243453d43,undying.company,available,3.99,23.99,medium,low,7,name.com,,,13/08/2026 20:04
4d41c93a-e317-4ade-ab21-2867bb04b5e5,carsick.company,available,3.99,23.99,medium,low,7,name.com,,,
5aa45bc7-4ee8-4630-9ff3-f19b0b8dfe29,wrist.company,available,3.99,,high,low,5,name.com,,,
a59adf13-1063-445c-9443-1e877a3efe77,amur.company,available,20.99,20.99,high,low,4,namesilo,,,19/09/2026 00:13
29f13635-7df8-455e-a82f-5bd5d07561f4,unobserved.company,available,20.99,20.99,medium,low,10,namesilo,,,12/09/2026 16:04
3d9f7521-3739-411d-a740-1177af89b6e1,color.company,resell,,,high,low,5,"Spaceship, Inc.",04/06/2019 08:36,04/06/2027 08:36,26/09/2026 05:07
d649dff3-d7db-419c-aad0-715ec8267e88,eastwards.company,available,3.99,23.99,medium,low,9,name.com,,,14/08/2026 23:00
3f50024d-fc56-4c0f-9eff-91feb924dd8e,completed.company,available,20.99,20.99,high,low,9,namesilo,,,23/09/2026 17:22
22ffa98a-02b0-4568-b0ff-8c0628ca3014,malamud.company,available,20.99,20.99,medium,low,7,namesilo,,,23/09/2026 09:50
ecf0b362-6e20-420c-b237-ceb87b518e77,chaparral.company,available,20.99,20.99,medium,low,9,namesilo,,,10/09/2026 00:21
af5c568f-4871-44ab-8ef0-3f5481b4b70c,unseasoned.company,available,20.99,20.99,medium,low,10,namesilo,,,12/09/2026 18:46
f10bf5fc-7346-4319-b019-3a4e0f4bc886,arrears.company,available,20.99,20.99,high,low,7,namesilo,,,20/09/2026 08:55
d89f5bd0-59ae-425d-9a5b-f7e0e2a95caa,maps.company,premium,15.34,15.34,high,low,4,namesilo,,,
ae05e260-c44b-4db5-b5c6-9888ef91dc6d,slimed.company,available,3.99,23.99,low,low,6,name.com,,,10/09/2026 10:57
4cee1bf7-95cd-4413-b817-d4cf5c2828c3,latrobe.company,available,21.98,27.98,high,low,7,namecheap,,,23/09/2026 08:20
9990ebcf-a697-4295-8362-39ed989bec9a,drying.company,available,20.99,20.99,high,low,6,namesilo,,,16/09/2026 09:24
63ca87e1-9ab1-4783-904b-83345afb8e58,diluted.company,available,3.99,23.99,medium,low,7,name.com,,,14/08/2026 07:45
9844089c-2935-42aa-ad26-c6dcb13d0b89,dita.company,available,21.98,27.98,medium,low,4,namecheap,,,18/09/2026 14:25
17eba448-09e5-4658-acef-1738b930e8f9,albitic.company,available,3.99,23.99,medium,low,7,name.com,,,
ed1da8af-9752-4d74-b277-038c42029d00,bede.company,available,20.99,20.99,high,low,4,namesilo,,,21/09/2026 17:17
dca9713c-fc21-4ce3-9c1b-a2ac3cd04d8c,comedo.company,available,20.99,20.99,medium,low,6,namesilo,,,24/09/2026 02:47
911a4e89-b2f4-4a53-b394-161f1179b982,eastward.company,available,3.99,23.99,high,low,8,name.com,,,14/08/2026 22:48
84431ffd-17d7-4712-895b-0fb555db3c48,oozing.company,available,20.99,20.99,medium,low,6,namesilo,,,04/09/2026 15:28
21c5d99c-82ea-470c-a22c-418520bf5867,harrisburg.company,available,20.99,20.99,high,low,10,namesilo,,,25/09/2026 22:04
817af5e2-d501-46af-8682-feb680653c24,stared.company,available,20.99,20.99,medium,low,6,namesilo,,,18/09/2026 02:18
ee5fe9d5-d700-4821-9514-4ae7ffc60a1d,gainfully.company,available,21.98,27.98,high,low,9,namecheap,,,14/09/2026 20:58
93689f22-9c94-430a-86d5-fb213dc131de,chiefly.company,available,20.99,20.99,high,low,7,namesilo,,,25/09/2026 05:59
4338ce0d-6d7b-4a9f-94bf-e7513277a4c5,audiogram.company,available,20.99,20.99,medium,low,9,namesilo,,,21/09/2026 02:55
63a2f624-977c-4a0b-b5f5-a8ce853ecb46,randomly.company,available,20.99,20.99,medium,low,8,namesilo,,,13/09/2026 20:35
7df57879-849c-4ebd-b320-404a736ab288,uncolored.company,available,3.99,23.99,medium,low,9,name.com,,,12/09/2026 02:06
ae8970ad-9e10-499c-a600-56954dca64d8,elizabeth.company,premium,15.34,15.34,high,low,9,namesilo,,,25/09/2026 05:29
e747a18e-37a3-4370-98b9-bde206f60af5,balding.company,available,3.99,23.99,medium,low,7,name.com,,,08/08/2026 09:35
7369a6cf-0812-4349-bda8-4bee56bdeb30,curving.company,available,3.99,23.99,high,low,7,name.com,,,13/08/2026 11:49
4c32f2a6-50cd-42b0-9166-e32bedc563fe,unlettered.company,available,3.99,23.99,medium,low,10,name.com,,,21/08/2026 18:33
b8f7a67a-9515-45a6-9b86-9141cd304d25,monied.company,available,3.99,23.99,high,low,6,name.com,,,25/08/2026 04:39
1af9d3d6-5512-4c3e-966e-8065386e6223,shaded.company,available,20.99,20.99,medium,low,6,namesilo,,,10/09/2026 05:23
0179b64e-9dde-4637-9e4a-08877309fa62,cuboid.company,available,3.99,23.99,medium,low,6,name.com,,,13/08/2026 09:58
44f21a9e-ecd1-48ca-9ef8-6268ad7034a0,ontop.company,available,20.99,20.99,medium,low,6,namesilo,,,16/09/2026 09:10
269eaa98-b58b-41ca-99b0-74657de157f0,lxxi.company,available,3.99,23.99,medium,low,4,name.com,,,
0f4abdc2-a9d6-486b-aa09-7030fbc79dca,wallow.company,available,21.98,27.98,high,low,6,namecheap,,,23/09/2026 16:37
5e68e724-fa40-4feb-b64a-35088da873b7,endeavour.company,premium,15.34,15.34,high,low,9,namesilo,,,21/09/2026 01:16
5d4a57f3-c105-4136-9e62-428212e898ae,whereabouts.company,premium,18.2,18.2,high,low,11,namecheap,,,
35a777fa-8ab4-4ce0-ac8a-46dcc2246f3f,lubricious.company,available,3.99,23.99,medium,low,10,name.com,,,24/08/2026 10:50
c445e101-7cdd-4888-86bd-19dc7bc28772,extrinsic.company,available,3.99,23.99,medium,low,9,name.com,,,17/08/2026 19:37
17307926-834e-40cc-8dbd-2f5847fbb0bd,oldline.company,available,20.99,20.99,medium,low,7,namesilo,,,04/09/2026 01:51
1ab4f990-f71f-4bca-8ca2-0c245806f265,inertial.company,available,3.99,23.99,medium,low,8,name.com,,,22/08/2026 03:59
96e68267-500a-47cb-bed0-c9efc998fc9c,indication.company,available,3.99,23.99,high,low,10,name.com,,,24/09/2026 21:52
02cb4642-4f05-4302-95d7-b66fb90a0aeb,francisca.company,available,3.99,,high,low,9,name.com,,,
3595b9fc-a1ce-4b6d-9e7a-a0e7953ad499,valerie.company,available,20.99,20.99,high,low,7,namesilo,,,26/09/2026 03:44
2826d751-f271-4a99-af06-d87f2c7a2120,profession.company,available,3.99,,high,low,10,name.com,,,
bdd8f2a3-79b5-43ed-aac2-6b265dcc5978,bather.company,available,20.99,20.99,high,low,6,namesilo,,,22/09/2026 13:31
9bb9fdf5-f9e2-4c97-939a-5f8f2f2033a4,jewellery.company,resell,,,high,low,9,"Sav.com, LLC - 18",20/11/2025 15:15,20/11/2026 15:15,26/09/2026 07:00
4ead8c1b-bb9e-4520-83c4-ed636c993d5b,snuggle.company,available,21.98,27.98,high,low,7,namecheap,,,24/09/2026 20:12
b4d5f1dd-9cdd-41e8-837b-96ba5b81cf58,paintings.company,premium,15.34,15.34,high,low,9,namesilo,,,27/09/2026 03:04
4c549214-8fb2-4399-ad51-8669a99b04d4,passes.company,available,20.99,20.99,medium,low,6,namesilo,,,27/09/2026 02:49
9cf6eef3-5769-4850-82d1-982397711177,seriously.company,premium,15.34,15.34,high,low,9,namesilo,,,
6c6b8b6f-720d-45eb-90d5-93fb13bddd24,berkshire.company,available,20.99,20.99,high,low,9,namesilo,,,23/09/2026 09:33
da70d33a-fe84-4647-898f-c6293f03190d,centennial.company,available,3.99,23.99,high,low,10,name.com,,,11/08/2026 23:53
763b0ff1-8dfd-46ec-add0-851c76a10ac3,diachronic.company,available,3.99,23.99,medium,low,10,name.com,,,14/08/2026 05:38
48d7645a-0e8f-4b57-803c-f55dd80f9e40,deafen.company,available,3.99,23.99,medium,low,6,name.com,,,13/08/2026 19:44
6a1c67f7-31f2-4713-8fac-ab4b9e623960,promissory.company,available,20.99,20.99,medium,low,10,namesilo,,,09/09/2026 03:11
6c2b4836-dbe7-4dc7-882c-ca53b010f005,nipper.company,available,3.99,23.99,medium,low,6,name.com,,,25/08/2026 00:05
35240a05-65f2-4c12-a9f0-af9a3b6cdb83,natives.company,available,20.99,20.99,medium,low,7,namesilo,,,18/09/2026 01:41
66240098-6bc2-495c-82e2-d45facd5f442,pertly.company,available,3.99,23.99,medium,low,6,name.com,,,15/09/2026 02:17
9c8a00a3-7d82-4bfa-9770-a18679db7494,twisting.company,available,20.99,20.99,high,low,8,namesilo,,,11/09/2026 21:52
42ba69ef-ede1-47fc-a429-3ab7a23ef324,biographic.company,available,3.99,23.99,high,low,10,name.com,,,10/08/2026 01:58
e310dae7-af77-49a0-b662-61e9ede6f9cb,trying.company,available,20.99,20.99,high,low,6,namesilo,,,03/09/2026 15:44
4288f430-4bbc-4321-89b7-ed360a57c730,buzzing.company,available,3.99,23.99,high,low,7,name.com,,,
637eaaae-2c30-484b-bd5b-db9dd0ef52c3,awake.company,resell,,,high,low,5,"Sav.com, LLC - 3",02/09/2026 15:15,02/09/2027 15:15,26/09/2026 04:10
e1d7b29f-1608-4f38-a95e-7ff985c65545,droopy.company,available,3.99,23.99,medium,low,6,name.com,,,14/08/2026 19:43
58c41073-9ad6-4c33-bf1b-6a052c757e3e,apostrophe.company,available,21.98,27.98,high,low,10,namecheap,,,19/09/2026 19:30
f38220c7-8003-4131-833d-8532515bad73,scarcely.company,available,20.99,20.99,medium,low,8,namesilo,,,09/09/2026 22:55
8273b49c-c47e-453e-8f86-ea44551364c4,depicted.company,available,3.99,23.99,medium,low,8,name.com,,,14/08/2026 02:12
5a1a2675-ade2-4591-afc2-edebc55321a0,verdin.company,available,20.99,20.99,medium,low,6,namesilo,,,21/09/2026 04:27
3998f665-2750-4962-8336-0cc8b19b5ace,objector.company,available,3.99,23.99,medium,low,8,name.com,,,14/08/2026 12:43
4bc2b396-0ba5-4fc5-b0d2-15c0c849a0db,clorox.company,available,21.98,27.98,high,low,6,namecheap,,,24/09/2026 15:53
5f588176-77ac-45e8-af0d-c3486e8aad22,mallard.company,available,21.98,27.98,high,low,7,namecheap,,,19/09/2026 03:01
9e233cf0-19f2-4bb9-8578-396e2d5a1628,equine.company,premium,15.34,15.34,high,low,6,namesilo,,,17/08/2026 11:45
bf6577d5-4ccc-4722-a6d0-d64863434565,cramped.company,available,3.99,23.99,medium,low,7,name.com,,,13/08/2026 04:47
7e327e67-eb0c-4b63-b25d-c4017bfdda17,definable.company,available,3.99,23.99,medium,low,9,name.com,,,13/08/2026 23:28
375dc82e-b34c-49b1-8d86-292ca33b78fe,ballup.company,available,20.99,20.99,medium,low,6,namesilo,,,21/09/2026 23:27
063ffdd4-b6f6-4fed-88cb-5ab9c1cba56c,jessica.company,premium,16.9,16.9,high,low,7,namecheap,,,25/09/2026 18:08
f669761b-1c23-4002-8b00-50ac65f43ab0,meredith.company,available,20.99,20.99,high,low,8,namesilo,,,25/09/2026 06:29
d216007f-275f-4be9-a1b5-a266ebb3eb05,grooved.company,available,3.99,23.99,medium,low,7,name.com,,,20/08/2026 20:17
b093af3c-2f7d-4e58-a454-cce2981d8a86,anatidae.company,available,20.99,20.99,medium,low,8,namesilo,,,19/09/2026 03:26
5fe25277-2f28-4a00-83c4-5928afa6361a,bayat.company,available,21.98,27.98,medium,low,5,namecheap,,,22/09/2026 17:57
401760f9-ef24-4d29-84b9-937d2d9f8522,bought.company,available,3.99,,high,low,6,name.com,,,
cf12ba70-292a-4ddd-b9db-5917b2b89ff0,conduct.company,available,20.99,20.99,high,low,7,namesilo,,,23/09/2026 03:13
23c7a8cf-b282-4e66-a4c5-d716bede967d,bounteous.company,available,3.99,23.99,high,low,9,name.com,,,09/08/2026 20:50
976ed167-4288-40b6-9797-560454bf6ac6,cyclopean.company,available,3.99,23.99,medium,low,9,name.com,,,13/08/2026 13:51
b7bba80f-8e80-4508-99b4-8f14d99b8965,managers.company,available,21.98,27.98,high,low,8,namecheap,,,20/09/2026 10:01
8eda575a-0acb-4f5c-b152-44ffdb82adbf,fag.company,premium,242,242,high,low,3,namesilo,,,09/09/2026 08:03
9e1f2400-d590-4412-b52d-b453ae604f64,lightless.company,available,3.99,23.99,medium,low,9,name.com,,,23/08/2026 04:36
31ebbd55-db0c-48c6-815f-ea7e234049f3,unchanging.company,available,20.99,20.99,high,low,10,namesilo,,,12/09/2026 05:04
43c0a863-05a9-493d-b725-0ea7bd4299d7,damascene.company,available,3.99,23.99,medium,low,9,name.com,,,13/08/2026 16:07
eccb44d8-4217-48d2-b636-5057750a764f,mockingly.company,available,20.99,20.99,medium,low,9,namesilo,,,14/09/2026 12:02
2f07e3e0-291a-4235-89a0-c3a767764897,totemic.company,available,21.98,27.98,medium,low,7,namecheap,,,11/09/2026 18:10
1cf5d6f0-022a-42a0-90ad-d37abfda4723,sympathy.company,available,3.99,,high,low,8,name.com,,,
44269f26-b449-4cdd-b624-50e275464d71,futile.company,available,21.98,27.98,medium,low,6,namecheap,,,22/09/2026 23:49
198a56b3-4c5f-4569-ad21-f73dc79bd814,stradivari.company,available,20.99,20.99,medium,low,10,namesilo,,,19/09/2026 15:41
0b75874b-8eec-4371-a2d5-650ecdb40e81,remiss.company,available,20.99,20.99,medium,low,6,namesilo,,,09/09/2026 13:46
a777198b-c6be-429f-a191-edbbd1276c53,alike.company,available,20.99,20.99,high,low,5,namesilo,,,21/09/2026 23:59
b8a510a5-af31-41da-a819-fd9c99a7998d,facilitating.company,available,3.99,,medium,low,12,name.com,,,
248408e5-a3f3-470a-9cc0-6692627dd9d5,leigh.company,available,3.99,23.99,high,low,5,name.com,,,25/09/2026 08:55
81e14959-fe39-43db-a03b-020fb9bbe506,assembling.company,available,20.99,20.99,high,low,10,namesilo,,,20/09/2026 16:08
15d82877-b451-4899-b3d2-36943eebab29,unsealed.company,available,21.98,27.98,medium,low,8,namecheap,,,12/09/2026 19:07
98569966-3fcb-464e-84aa-30dbb74c48b3,ballot.company,available,20.99,20.99,high,low,6,namesilo,,,21/09/2026 23:15
49bfe39d-e02e-468b-bc73-df40369b02d9,shrubby.company,available,3.99,23.99,medium,low,7,name.com,,,18/08/2026 17:15
14ae9eef-7f95-4f73-8a06-e74720a07aa0,gari.company,available,20.99,20.99,high,low,4,namesilo,,,23/09/2026 22:55
76be2d96-71a4-42d7-a9b7-04db058aec72,thump.company,available,3.99,23.99,high,low,5,name.com,,,11/09/2026 15:06
1c2b3ac3-e81a-485b-9e88-508e0b29c3b0,barouche.company,available,21.98,27.98,medium,low,8,namecheap,,,22/09/2026 07:43
e8e48564-34a1-4a41-ba0f-47812a718fef,aeolia.company,available,20.99,20.99,low,low,6,namesilo,,,17/09/2026 12:34
074aeadf-5b1e-4330-a423-04f32e87e570,impetuous.company,available,3.99,23.99,medium,low,9,name.com,,,11/08/2026 01:36
83a6810d-b9b9-4bf2-be88-664fa580e8b1,factious.company,available,3.99,23.99,medium,low,8,name.com,,,14/08/2026 12:34
504b07ca-94c6-4cbf-9ce2-8292150f4c50,arcsecond.company,available,20.99,20.99,medium,low,9,namesilo,,,20/09/2026 02:41
306b4ab5-8017-4644-886d-e3df2681bedd,raconteur.company,available,20.99,20.99,high,low,9,namesilo,,,19/09/2026 05:14
b6b035fc-3fca-4f44-b69f-22613c29c123,saying.company,available,20.99,20.99,high,low,6,namesilo,,,25/09/2026 09:03
c925385f-f8a7-4b8b-8a69-8a40a25ce468,baobab.company,premium,15.34,15.34,medium,low,6,namesilo,,,17/09/2026 06:21
f263563c-058b-4234-8976-e427e778478d,summertime.company,available,20.99,20.99,high,low,11,namesilo,,,18/09/2026 00:39
60b437a6-55c8-4530-96a6-8bc53dbf46a0,tumbling.company,available,20.99,20.99,high,low,8,namesilo,,,17/09/2026 03:22
bca0d7f2-22d6-42e3-89b2-997444ff3d83,flurry.company,available,20.99,20.99,high,low,6,namesilo,,,17/09/2026 09:17
4935e84d-e5c9-49ae-af5b-d6f2b7cf8fcf,pangolin.company,available,20.99,20.99,medium,low,8,namesilo,,,19/09/2026 12:39
43641a9e-c6e3-4b29-ad9e-8864d6546764,salad.company,premium,15.34,15.34,high,low,5,namesilo,,,
cce258a5-9af8-4255-b592-44a62968af67,erose.company,available,3.99,23.99,medium,low,5,name.com,,,17/08/2026 12:30
23269b24-e885-44e3-8b84-c17eb152f80c,hecht.company,available,20.99,20.99,high,low,5,namesilo,,,23/09/2026 07:20
8dd91724-7986-4ccb-aa99-046f94ceb0c4,phage.company,available,20.99,20.99,medium,low,5,namesilo,,,21/09/2026 16:31
a680d0ee-f24f-4555-8f31-4cdcc982b84f,domestic.company,premium,16.9,16.9,high,low,8,namecheap,,,19/09/2026 12:54
06f6685d-6bfd-4a55-a1ed-561778ec5aad,proof.company,premium,15.34,15.34,high,medium,5,namesilo,,,23/09/2026 16:02
527d8350-5b63-44ba-b86e-675ccaf742dd,shrewdness.company,available,21.98,27.98,high,low,10,namecheap,,,20/09/2026 18:18
5e2d49c7-4f34-44ff-9f9d-2576c5f01f21,calmness.company,available,3.99,23.99,high,low,8,name.com,,,11/08/2026 14:56
8f0864fa-cabb-4da1-8e34-c8796b3a20ff,amonra.company,premium,16.9,16.9,medium,low,7,namecheap,,,18/09/2026 18:34
9bb518bc-142b-4d3e-8264-0a90b0dfaa13,timed.company,available,20.99,20.99,high,low,5,namesilo,,,11/09/2026 16:00
740f019b-6129-4909-b70d-33f829e30e28,famed.company,available,3.99,23.99,high,low,5,name.com,,,11/08/2026 23:12
620803f5-bca1-4be5-ab99-f97fd4aa5f09,known.company,resell,,,high,low,5,"Sav.com, LLC",22/07/2026 14:39,22/07/2027 14:39,26/09/2026 07:06
a9564f64-a52e-4794-89f9-29ebcb80daaf,chekov.company,available,20.99,20.99,medium,low,6,namesilo,,,19/09/2026 15:28
124a49df-279e-4fb6-8213-519a4c6306e5,sparely.company,available,21.98,27.98,medium,low,7,namecheap,,,16/09/2026 05:49
ab26c7b2-5684-4545-857f-22b614c633ec,tempering.company,available,20.99,20.99,high,low,9,namesilo,,,11/09/2026 10:56
5b52b94e-9ed0-4908-9740-9445f057a772,nibbed.company,available,20.99,20.99,low,low,6,namesilo,,,03/09/2026 16:57
05588439-6e7b-4cbc-a3f2-50cb43cd0518,complacent.company,available,3.99,23.99,medium,low,10,name.com,,,12/08/2026 19:25
4b6e9dc0-e8fe-4be0-9f19-81d8ebbaa3e5,reflexes.company,available,21.98,27.98,medium,low,8,namecheap,,,19/09/2026 23:46
971b6e0b-fcff-403c-9bc1-32b047a76275,numb.company,available,21.98,27.98,medium,low,4,namecheap,,,22/09/2026 19:39
5a7b05a8-4c3c-46db-a647-c6ba3f370638,ageism.company,available,20.99,20.99,medium,low,6,namesilo,,,17/09/2026 16:54
ad257b47-66d4-460f-ab61-450637ba0e96,oaten.company,available,20.99,20.99,medium,low,5,namesilo,,,03/09/2026 23:28
683b73e2-b029-4634-9c6e-54b584871923,powdered.company,available,20.99,20.99,high,low,8,namesilo,,,19/09/2026 15:51
fc3bb5c2-b309-4bfd-abf8-1e3b99b11122,ensure.company,available,3.99,,high,low,6,name.com,,,
90ee0bb6-69b4-48db-934e-7b743a92a8f8,uncle.company,available,3.99,,high,low,5,name.com,,,
d69d027d-dd95-44ab-8bb6-a3f07292939a,lidless.company,available,3.99,23.99,medium,low,7,name.com,,,23/08/2026 01:17
83a9bf96-7229-4f33-917a-42480a26b06a,grower.company,available,3.99,23.99,high,low,6,name.com,,,17/09/2026 19:21
a16d83bf-2424-413e-b36c-d8e6e4628b80,angiogram.company,available,21.98,27.98,medium,low,9,namecheap,,,19/09/2026 06:13
ba608ab9-f086-4e52-aef2-15073e0656ce,tenured.company,available,20.99,20.99,high,low,7,namesilo,,,11/09/2026 11:43
6f528e38-5bbb-47f9-9fdb-d16a3586dbde,hostage.company,available,21.98,27.98,high,low,7,namecheap,,,25/09/2026 23:10
dac7aa35-6e15-43ef-8fc0-e3c4b1475d38,astrantia.company,available,20.99,20.99,medium,low,9,namesilo,,,20/09/2026 17:32
65226e33-4b0c-4b29-9509-7511b266898e,professor.company,available,3.99,,high,low,9,name.com,,,
5ea9a14c-861c-4aea-8bca-dd4c281b7beb,nurture.company,resell,,,high,low,7,"Sav.com, LLC",28/03/2026 14:14,28/03/2027 14:14,26/09/2026 07:50
def50c09-eb03-49f4-b471-7352ed20e9a3,subalpine.company,available,3.99,23.99,medium,low,9,name.com,,,
ac66aca1-f049-4f91-86c2-7d3ec9b1e7a0,amort.company,available,3.99,23.99,medium,low,5,name.com,,,
73e27056-b68d-4c63-8bc6-b3ff2c491441,buttery.company,available,21.98,27.98,medium,low,7,namecheap,,,19/09/2026 18:30
85409a37-18e3-418a-8e60-6d9ae9221802,ult.company,available,3.99,23.99,high,low,3,name.com,,,11/09/2026 22:48
e92f3a3c-f3a1-4bed-8e8c-c4a48153269a,shitlist.company,available,20.99,20.99,medium,low,8,namesilo,,,24/09/2026 00:19
dfb201df-10f2-452a-94c2-f3d737efacad,impulse.company,resell,,,high,low,7,"Sav.com, LLC",20/02/2026 22:11,20/02/2027 22:11,26/09/2026 06:49
bcc43862-ffb4-43c0-b17e-6333d4b6ca2c,introductions.company,available,20.99,20.99,medium,low,13,namesilo,,,20/09/2026 22:09
40051df0-ead2-4d43-83d2-7689cdf59206,neotenous.company,available,20.99,20.99,medium,low,9,namesilo,,,03/09/2026 15:33
0d6384de-96a7-4841-b340-56b85a42b9bb,observance.company,available,3.99,23.99,high,low,10,name.com,,,12/08/2026 00:35
0304fe4c-13d9-467c-a3d9-0ccc07895b28,augend.company,available,20.99,20.99,medium,low,6,namesilo,,,21/09/2026 03:16
8157f223-027d-4bb5-9273-1b7e59c2202d,pencilled.company,available,20.99,20.99,medium,low,9,namesilo,,,08/09/2026 13:59
b824dd23-1d46-4d3a-8ea4-8e654a80a60d,conquering.company,available,20.99,20.99,high,low,10,namesilo,,,24/09/2026 17:24
929840ad-b2fd-42f6-afca-ddae1a5f8c39,populated.company,available,20.99,20.99,high,low,9,namesilo,,,08/09/2026 23:55
0ef590a3-5150-4843-a1ad-c7a94095f08b,undefiled.company,available,20.99,20.99,medium,low,9,namesilo,,,12/09/2026 06:15
3af0b524-e1b4-4ca8-bc2b-e2a88d0a209d,rutland.company,available,20.99,20.99,high,low,7,namesilo,,,27/09/2026 05:16
5a476c3f-aad3-4fb8-b932-b86d4f6f1ec4,pickups.company,available,21.98,27.98,medium,low,7,namecheap,,,20/09/2026 05:31
b09c08cb-1e7e-4906-8b1c-a4ea9b9782fb,nauseous.company,available,3.99,23.99,medium,low,8,name.com,,,24/08/2026 08:24
79f6b62d-fc14-43f5-a23d-c632b8b77c5c,aranea.company,available,20.99,20.99,medium,low,6,namesilo,,,20/09/2026 00:00
b0f0d80d-de1e-43d6-8b0a-f001a1a7853d,eccentric.company,available,3.99,23.99,high,low,9,name.com,,,10/08/2026 09:50
46547756-986d-4661-a189-2348ac6c0688,invertible.company,available,3.99,23.99,medium,low,10,name.com,,,22/08/2026 09:00
5a23d4f8-f66b-4b09-82fd-f2ac64dd4e48,backspin.company,available,21.98,27.98,high,low,8,namecheap,,,21/09/2026 16:02
ce1fc009-e813-4873-bbd3-6774069d8d97,terminated.company,available,21.98,27.98,high,low,10,namecheap,,,19/09/2026 16:25
a02f41a0-3d5c-444e-83a5-400435b1a85a,utilizing.company,available,20.99,20.99,medium,low,9,namesilo,,,21/09/2026 02:04
174c9e32-7cd6-4d01-91ef-b82bfdad86df,shorts.company,available,20.99,20.99,high,low,6,namesilo,,,27/09/2026 02:25
5ac40d57-171c-4799-aca1-3ff71b20f7b8,muted.company,available,3.99,23.99,high,low,5,name.com,,,21/08/2026 15:56
a9db4c9d-19bb-44fc-920c-d74aa592fc0e,bitis.company,available,20.99,20.99,high,low,5,namesilo,,,23/09/2026 22:37
4566cafd-4d03-45d0-9ee6-b6ac941ad6f2,tattoo.company,resell,,,high,low,6,,,,27/09/2026 05:36
64d2f7ea-dd48-4ffe-b318-abc4b812344f,continuo.company,available,20.99,20.99,medium,low,8,namesilo,,,22/09/2026 12:27
5c09ef6d-eb71-43d4-8afc-dd0e0d2cdc22,nookie.company,available,3.99,23.99,medium,low,6,name.com,,,18/08/2026 17:31
4dcbe739-a176-4f12-a17f-f76a88884a64,ashton.company,available,20.99,20.99,high,low,6,namesilo,,,20/09/2026 14:00
9f060439-d97e-4172-ae3a-ee6fb5080f3d,actions.company,available,3.99,23.99,high,low,7,name.com,,,
8695a1ac-934e-4a94-9c0e-90822fc6a9d2,carols.company,premium,85.8,85.8,medium,low,6,namecheap,,,17/09/2026 18:54
e8369fc7-1a4e-463d-bd95-80243d545d56,goosey.company,available,3.99,23.99,medium,low,6,name.com,,,14/08/2026 16:06
efa57ee5-d41a-490c-8954-e30eaf1b4fe1,behemoth.company,available,20.99,20.99,high,low,8,namesilo,,,23/09/2026 03:24
94c6ec70-1bbc-4e21-95ae-7fd99aa4237c,candlenut.company,available,21.98,27.98,medium,low,9,namecheap,,,18/09/2026 05:37
fd4fff04-2007-486b-81d1-595540a00f03,sunny.company,resell,,,high,low,5,"Chengdu West Dimension Digital Technology Co., Ltd.",19/02/2020 06:30,19/02/2027 06:30,26/09/2026 09:24
9e8608d0-177d-488f-b279-b54914f1fb42,devotion.company,resell,,,high,low,8,"Sav.com, LLC",01/04/2026 19:45,01/04/2027 19:45,26/09/2026 05:32
969cc57b-2adb-42f6-8eca-4b9ae2aad5f4,uut.company,available,20.99,20.99,medium,low,3,namesilo,,,20/09/2026 22:17
fd0ae666-5082-4129-b690-102065c77da9,antithesis.company,available,20.99,20.99,medium,low,10,namesilo,,,19/09/2026 15:11
6be406a0-1480-475d-9801-4b3f2193998b,jungle.company,resell,,,high,low,6,"Xiamen ChinaSource Internet Service Co., Ltd",16/06/2025 15:15,16/06/2027 15:15,26/09/2026 07:02
e811bcf3-831d-4641-9fe9-f5e90c8550bf,repetitive.company,available,3.99,23.99,medium,low,10,name.com,,,22/08/2026 07:14
6949e300-090d-4a37-93cf-8e13c55e3b00,indelible.company,available,3.99,23.99,high,low,9,name.com,,,22/08/2026 02:37
867b4c4d-afd2-4307-adbd-347836e5323d,compete.company,available,3.99,,high,low,7,name.com,,,
a28f9087-c1e6-4ffb-a89c-1c2964b4d720,hieroglyph.company,available,3.99,23.99,high,low,10,name.com,,,21/08/2026 08:33
1611b7ff-269d-4b6e-8754-aa5569df806a,transmitted.company,available,20.99,20.99,medium,low,11,namesilo,,,16/09/2026 07:54
97f0ffc5-6eb4-4421-a634-344ca30a25cf,unsilenced.company,available,21.98,27.98,medium,low,10,namecheap,,,12/09/2026 19:56
3442b99f-0e5b-4eaa-afc4-d4d322fd7c3d,eponymous.company,available,3.99,23.99,high,low,9,name.com,,,17/08/2026 11:29
4c432726-bb19-4336-8e39-faf3e4e9f3a2,taken.company,available,20.99,20.99,high,low,5,namesilo,,,25/09/2026 10:20
d908ff4c-f077-4186-b935-2611f7ad421e,alexanders.company,available,21.98,27.98,medium,low,10,namecheap,,,18/09/2026 05:47
1f62ac0e-33bf-413c-83ba-55c02480c81c,evilly.company,available,20.99,20.99,low,low,6,namesilo,,,14/09/2026 16:42
79770773-a40f-4054-990f-3bb867c06643,aeronaut.company,available,20.99,20.99,high,low,8,namesilo,,,17/09/2026 13:09
13e7cd03-1cfc-458a-9083-85f88f5ce855,mount.company,available,3.99,,high,low,5,name.com,,,
bb36e13c-065b-4113-8e38-64d40cbfee42,hornless.company,available,3.99,23.99,medium,low,8,name.com,,,21/08/2026 14:06
6abe3f1f-d272-4bc5-acfe-b719cb7de2f5,erectile.company,available,3.99,23.99,high,low,8,name.com,,,17/08/2026 12:07
39f2099d-1db0-4487-8ce9-866eeff26e9f,law.company,resell,,,high,medium,3,"GoDaddy.com, LLC",24/06/2015 19:33,24/06/2027 19:33,26/09/2026 07:09
60c06b44-1bf7-47d1-88c5-17e734038a87,sagely.company,available,20.99,20.99,medium,low,6,namesilo,,,16/09/2026 00:31
5eb30324-b73c-4822-9183-a950b2d78a24,overladen.company,available,21.98,27.98,medium,low,9,namecheap,,,04/09/2026 20:51
619a1c46-f18c-4472-85f2-147a7c6d184b,teeny.company,available,3.99,23.99,high,low,5,name.com,,,10/08/2026 08:12
6df3e282-4699-4b45-941f-36ade34992dc,frowning.company,available,3.99,23.99,medium,low,8,name.com,,,18/08/2026 16:40
7d7404ba-85e5-4ef5-a66a-1f20cf639727,relied.company,available,20.99,20.99,medium,low,6,namesilo,,,20/09/2026 05:00
1eb04c66-8e02-4330-b8fc-572fe7da786d,fiducial.company,available,3.99,23.99,medium,low,8,name.com,,,18/08/2026 03:40
cdd40a1b-7c02-47db-a388-68baa0e7dfd0,hilar.company,available,3.99,23.99,medium,low,5,name.com,,,21/08/2026 09:19
36d8cb56-b796-42d9-ba97-53af73d6bdf3,browned.company,available,3.99,23.99,medium,low,7,name.com,,,11/08/2026 06:29
86a4c394-0020-45ab-871b-6acd1aeb5dc8,indoaryan.company,available,3.99,23.99,medium,low,10,name.com,,,06/08/2026 23:56
6e52d6cb-16e4-45ea-81a8-fe25dc7e5320,impish.company,available,3.99,23.99,medium,low,6,name.com,,,21/08/2026 22:23
377f48a4-8030-42bc-82f8-f54b71c0aa5b,suffer.company,available,3.99,,high,low,6,name.com,,,
05d948cc-659b-445b-897a-14135e09fc21,sheridan.company,premium,15.34,15.34,high,low,8,namesilo,,,25/09/2026 10:21
1641fbfd-a5d3-4689-8192-ee729f0c81b1,fittingly.company,available,20.99,20.99,medium,low,9,namesilo,,,13/09/2026 20:32
9957e288-3f68-47e7-a264-8b472c809de9,babassu.company,available,20.99,20.99,medium,low,7,namesilo,,,21/09/2026 12:15
20eee503-bddd-4b21-81f5-5708e09af707,technetium.company,available,20.99,20.99,medium,low,10,namesilo,,,20/09/2026 23:06
b794ce2a-9dd8-4ac7-8e92-2277165801e3,semifinal.company,available,20.99,20.99,high,low,10,namesilo,,,16/09/2026 09:45
68b4ef1d-3337-42ef-a47b-1ea0f429dbdf,splendidly.company,available,20.99,20.99,medium,low,10,namesilo,,,14/09/2026 16:44
949e496a-8324-4f38-aa19-2e6c67ba3e84,fey.company,available,3.99,23.99,medium,low,3,name.com,,,16/08/2026 03:39
83af001c-ebaa-4f2c-88a9-914f3b6bfe23,employment.company,resell,,,high,low,10,"Sav.com, LLC",08/08/2020 15:20,08/08/2027 15:20,26/09/2026 05:49
67456574-e533-40db-821b-22c751fbd0fd,bonney.company,available,20.99,20.99,medium,low,6,namesilo,,,23/09/2026 16:28
2891d8af-e381-4f32-8d10-dce8fe00ff3b,emphatic.company,available,3.99,23.99,high,low,8,name.com,,,16/08/2026 16:45
de1230fc-2173-4f17-b312-70f238a2b20b,arrests.company,available,21.98,27.98,medium,low,7,namecheap,,,20/09/2026 19:12
9c7fcef8-44ba-4085-a638-946747a568a8,albumin.company,available,20.99,20.99,high,low,7,namesilo,,,18/09/2026 03:26
ed6cf138-afb3-4db0-8e44-da65e82f8706,forbidding.company,available,3.99,23.99,medium,low,10,name.com,,,18/08/2026 11:08
1d08713a-f595-449b-9bd0-a05a6c06ec1b,veteran.company,resell,,,high,low,7,"Sav.com, LLC",17/04/2026 21:05,17/04/2027 21:05,26/09/2026 09:58
700b2488-ffeb-419d-81be-f2748f448a69,voltaic.company,available,3.99,23.99,medium,low,7,name.com,,,18/08/2026 19:42
546d85dd-03c9-4a5b-a421-dd7194d0d968,laputan.company,available,3.99,23.99,medium,low,7,name.com,,,22/08/2026 19:49
bffdce21-6aa2-40f4-a3a3-c9401c7d6ee7,bonfire.company,resell,,,high,low,7,"Sav.com, LLC - 49",30/03/2026 15:16,30/03/2027 15:16,26/09/2026 04:32
fa32c27f-2054-4c92-9dc7-b82581758fac,bendable.company,available,3.99,23.99,medium,low,8,name.com,,,09/08/2026 14:07
dc2bd9a4-5d95-479f-be9f-8f2ea7b4bb21,counterattack.company,available,3.99,,medium,low,14,name.com,,,
b6fee2e7-923f-4b08-a3c4-3fe4c3860e47,joking.company,available,20.99,20.99,high,low,6,namesilo,,,25/09/2026 11:45
4dd02e43-d36e-40a9-b404-c115aa051122,moravian.company,available,3.99,23.99,high,low,8,name.com,,,25/08/2026 06:14
fb68d370-0330-41e8-b949-e84e52a95a58,studded.company,available,20.99,20.99,medium,low,7,namesilo,,,10/09/2026 22:57
f30b8f50-7e66-40be-8352-c3cdb2966213,diplomate.company,available,3.99,,high,low,9,name.com,,,
798acf07-fa96-4ed5-84a1-2dc54cf70d9c,autocrat.company,available,20.99,20.99,medium,low,8,namesilo,,,21/09/2026 06:11
9985baa0-21aa-4db1-8721-72f5b8b0dd41,laugher.company,available,21.98,27.98,high,low,7,namecheap,,,09/09/2026 19:28
40589550-c4ff-402d-82af-ee678fb76370,beduin.company,available,21.98,27.98,medium,low,6,namecheap,,,22/09/2026 23:27
1f2ec911-d6a0-4b9d-b5e5-857d6673d52f,alimony.company,available,3.99,,medium,low,7,name.com,,,
4dba59a4-44d4-4eef-babc-db1b93675de4,throws.company,available,20.99,20.99,medium,low,6,namesilo,,,19/09/2026 00:51
fa6140ea-1526-4fd3-8c34-9c5495bc01d6,lucullan.company,available,3.99,23.99,medium,low,8,name.com,,,24/08/2026 11:00
a8aac615-ddc0-4afd-9ced-496952f5d6d2,gluey.company,available,3.99,23.99,medium,low,5,name.com,,,20/08/2026 15:16
844804e2-6644-4513-84d9-e94ecb762aca,turin.company,premium,15.34,15.34,high,low,5,namesilo,,,26/09/2026 00:26
0ee007cd-3ef7-499d-a386-ae9c71353869,finicky.company,available,3.99,23.99,medium,low,7,name.com,,,18/08/2026 04:58
8aecb6a0-fcfb-4347-a0ff-e193590a4faf,uptill.company,available,21.98,27.98,low,low,7,namecheap,,,16/09/2026 20:20
58c04c64-803e-4c94-b805-6deea4caeff5,corn.company,premium,15.34,15.34,high,low,4,namesilo,,,25/09/2026 09:07
882c9bde-bf88-47ca-aee7-4d8aee2004a3,backbiter.company,available,20.99,20.99,medium,low,9,namesilo,,,21/09/2026 15:08
429484d1-8ea6-4753-a611-273e207964fa,acetin.company,available,20.99,20.99,medium,low,6,namesilo,,,17/09/2026 00:06
2ab53dc3-195d-4fd9-ba79-40afa58249dd,supporting.company,available,3.99,,high,low,10,name.com,,,
e8688ff9-12e9-4b0b-80e3-c319e5507598,bering.company,available,20.99,20.99,high,low,6,namesilo,,,23/09/2026 04:03
07573d5b-a53a-4381-bf31-6778cd5ab609,flap.company,resell,,,high,low,4,"Chengdu West Dimension Digital Technology Co., Ltd.",08/12/2021 13:15,08/12/2033 13:15,26/09/2026 06:07
1afb8d78-edf4-4de2-b0bf-d2af5ebdfa36,anglesea.company,available,20.99,20.99,medium,low,8,namesilo,,,19/09/2026 06:27
d17287f4-1b69-4d52-97db-cfab69fc3ffc,inches.company,available,20.99,20.99,medium,low,6,namesilo,,,25/09/2026 20:47
ec66a46e-34c2-436d-9e79-b6e5abd03b47,squab.company,available,20.99,20.99,medium,low,5,namesilo,,,10/09/2026 17:08
d6baa982-7a3a-4653-ac28-3d88a833348b,horrify.company,available,20.99,20.99,medium,low,7,namesilo,,,18/09/2026 01:56
02d04b12-7da3-4de6-a5e7-f0705e973788,audi.company,available,,,high,high,4,,,,
701eaf67-cb8a-4e2a-98b3-0e1c73b3f3a4,creditors.company,available,20.99,20.99,medium,low,9,namesilo,,,20/09/2026 15:31
e85cff0c-15f6-4fba-8e60-66a9d8bbbf2b,clubable.company,available,3.99,23.99,medium,low,8,name.com,,,12/08/2026 12:57
011fd10f-985d-45cb-a9c1-582708524a17,chimpanzee.company,available,20.99,20.99,high,low,10,namesilo,,,24/09/2026 14:39
61b01a6e-23ea-4346-9dd7-78b003dd2a00,idiotic.company,available,20.99,20.99,medium,low,7,namesilo,,,24/09/2026 01:17
e87cd0c3-02bb-46e8-858f-c5c023343da1,plates.company,available,21.98,27.98,medium,low,6,namecheap,,,27/09/2026 02:22
6bff99b2-a166-4e0e-9e37-d430d613a012,gradually.company,available,20.99,20.99,high,low,9,namesilo,,,14/09/2026 22:00
f0c7aa54-1c97-4f4b-ba56-17acb182fa5d,tawdry.company,available,3.99,23.99,medium,low,6,name.com,,,12/08/2026 03:29
e88a5013-62be-405d-a0f2-6ec2db2d17e7,babies.company,premium,15.34,15.34,high,low,6,namesilo,,,
f6e05e71-d6a8-4a89-a21f-3aa9ec113613,organizations.company,available,3.99,,medium,low,13,name.com,,,
bbd6ed8f-03a9-43ca-85b9-c6c7d15bd61e,addin.company,available,20.99,20.99,high,low,6,namesilo,,,17/09/2026 06:37
a07c24ce-5949-4e98-ad32-01e105751f88,cantonal.company,available,3.99,23.99,medium,low,8,name.com,,,11/08/2026 17:44
b3606fa0-a33c-4049-b7cc-a5275eb1e0fb,cypriote.company,available,3.99,23.99,medium,low,8,name.com,,,13/08/2026 14:05
7a82becd-ade5-474f-b925-9b97da6bba77,pod.company,resell,,,high,medium,3,GoDaddy Online Services Cayman Islands Ltd.,26/07/2016 12:56,26/07/2027 12:56,26/09/2026 08:13
e433e1ba-4a06-45a7-b682-d36964f46cfe,bihar.company,available,20.99,20.99,high,low,5,namesilo,,,23/09/2026 15:31
5f5ae00a-864c-4cb7-901c-8f05f7fb3820,antigenic.company,available,3.99,23.99,medium,low,9,name.com,,,
04d96b84-8a24-41de-8830-df9d7ed6a468,dame.company,available,21.98,27.98,high,low,4,namecheap,,,24/09/2026 20:56
21605347-c079-4a6a-b5bb-b9dab2544e02,ilama.company,available,20.99,20.99,medium,low,5,namesilo,,,19/09/2026 10:33
96b959c5-8033-4fbb-93e5-19f5fbad8941,cannot.company,available,3.99,,high,low,6,name.com,,,
a84481fa-a79b-4903-a189-186adde8dcf8,tomboyish.company,available,3.99,23.99,medium,low,9,name.com,,,21/08/2026 14:32
c86909f8-0202-434a-af40-73b43ab4fc6b,shuddering.company,available,20.99,20.99,medium,low,10,namesilo,,,10/09/2026 07:02
f6a109b5-624b-4bc8-a3a7-02386a73a449,bawd.company,available,3.99,23.99,medium,low,4,name.com,,,13/08/2026 14:22
f3e089a5-9720-40c5-bb6a-440d43908322,episodic.company,available,3.99,23.99,medium,low,8,name.com,,,17/08/2026 11:11
1f376511-04a0-4569-b95b-6ac2575cce76,unconfined.company,available,20.99,20.99,medium,low,10,namesilo,,,12/09/2026 06:03
47ec0aa6-414e-4039-983d-8f1fd918e61d,televised.company,available,20.99,20.99,high,low,9,namesilo,,,21/09/2026 05:39
2377891f-392b-41bb-b1f6-bc275e0edeec,scribe.company,available,20.99,20.99,high,low,6,namesilo,,,21/09/2026 03:59
c86f61d5-e469-4051-8e44-e0d99bb26c4d,gloam.company,available,20.99,20.99,medium,low,5,namesilo,,,11/09/2026 21:43
a02106f7-9705-4f7e-86bd-db922775f019,russian.company,resell,,,high,low,7,Porkbun LLC,09/05/2026 17:25,09/05/2027 17:25,26/09/2026 08:46
f4a54fcb-dde3-43c1-be64-c5b9136fb3ce,thallium.company,available,20.99,20.99,medium,low,8,namesilo,,,20/09/2026 23:51
3e7fd732-f4a3-4fa3-a627-82f2d013dd94,baldwin.company,premium,15.34,15.34,high,low,7,namesilo,,,16/09/2026 12:19
9a50bb40-9bb0-4d01-9792-3c8c106a5a56,dripless.company,available,3.99,23.99,medium,low,8,name.com,,,14/08/2026 19:31
cc1c41c4-32e7-4d8e-ba1e-85a6d04bbc8f,described.company,available,21.98,27.98,high,low,9,namecheap,,,24/09/2026 06:37
74ae50fc-b109-4223-a3a2-7f7c276658cc,melodic.company,available,3.99,23.99,high,low,7,name.com,,,24/08/2026 19:41
9587be99-9cdd-4b38-920c-5522876532df,successors.company,available,21.98,27.98,medium,low,10,namecheap,,,20/09/2026 05:21
e1b4eb8d-fe44-40d6-94b7-23d8838509b8,indulging.company,available,20.99,20.99,high,low,9,namesilo,,,05/09/2026 00:26
79e15f8b-661e-4d42-9cd3-e7d3fd7a97c7,rightly.company,available,20.99,20.99,high,low,7,namesilo,,,15/09/2026 10:16
c0ff4f7d-8aed-4f04-8673-4f78d3842621,catapultic.company,available,3.99,23.99,medium,low,10,name.com,,,11/08/2026 21:06
90602f55-2f19-4d71-8b24-3db05540b79c,chicness.company,available,3.99,23.99,high,low,8,name.com,,,12/08/2026 04:44
6d86bd6e-3d54-4492-8320-88e14b3ba84b,ranking.company,premium,15.34,15.34,high,low,7,namesilo,,,
1e4ec58e-adbe-46c3-8bc5-c60616768b87,clipboards.company,available,21.98,27.98,medium,low,10,namecheap,,,20/09/2026 11:59
bc78293f-da3d-42ab-9523-b06d083b82fa,cranial.company,available,3.99,23.99,medium,low,7,name.com,,,13/08/2026 04:49
fe53cdc3-b97b-4146-a8f2-6bdfdaf16bb8,binoculars.company,available,21.98,27.98,high,low,10,namecheap,,,23/09/2026 17:37
013d655b-118f-42d3-970e-9cec0352e10a,neonate.company,available,20.99,20.99,medium,low,7,namesilo,,,03/09/2026 16:44
bfcacccd-311c-4282-a821-926a0146561d,fetal.company,available,3.99,23.99,high,low,5,name.com,,,18/08/2026 02:16
789f8b72-3d31-4db3-9ba9-7d449fcabc68,planet.company,resell,,,high,medium,6,Alibaba Cloud Computing Ltd. d/b/a HiChina (www.net.cn),17/02/2021 09:06,17/02/2027 09:06,26/09/2026 08:11
a7bffcba-27fc-4570-8bf4-bdc87af3e0ea,clamp.company,premium,15.34,15.34,medium,low,5,namesilo,,,24/09/2026 15:19
fa0482b1-b0fe-4764-86fe-78bee6937acb,cupboards.company,available,21.98,27.98,medium,low,9,namecheap,,,20/09/2026 06:12
8efa3e36-11a8-489e-a451-8977bffc5d62,prevent.company,available,3.99,,high,low,7,name.com,,,
864141b7-2490-4c54-b94a-ca35fbd6bab2,aery.company,available,3.99,23.99,high,low,4,name.com,,,
869db5c6-d32f-47ec-b97b-98b5a98ba544,honeyed.company,available,3.99,23.99,medium,low,7,name.com,,,21/08/2026 13:23
83cb0885-4314-4b40-9d83-6338b3bf7aa8,franciscan.company,available,3.99,23.99,high,low,10,name.com,,,18/08/2026 14:06
2c92bf26-e21a-47ba-88cb-efeea5762fd3,coated.company,available,3.99,23.99,medium,low,6,name.com,,,12/08/2026 14:14
64e84f0a-b0ee-4d19-a4e2-70d9f7bf216b,axseed.company,available,20.99,20.99,medium,low,6,namesilo,,,21/09/2026 10:31
c01ff7d1-7f2b-4559-846e-0aa8f58cbf0f,biases.company,available,21.98,27.98,low,low,6,namecheap,,,18/09/2026 23:44
5eee942b-4714-4f33-8eab-f5c987a7d297,eventually.company,available,3.99,23.99,high,low,10,name.com,,,14/09/2026 16:32
d2bf8143-edeb-4756-821c-0a86e982c582,interfaith.company,available,3.99,23.99,high,low,10,name.com,,,22/08/2026 08:02
89b70f69-7d84-4ecc-9f7e-a852274f0646,deeper.company,available,20.99,20.99,high,low,6,namesilo,,,17/09/2026 12:06
d54ec2ae-7c7f-46da-8301-c913e9408826,prosecutor.company,available,20.99,20.99,high,low,10,namesilo,,,27/09/2026 05:05
fb414eb7-f28f-4399-b7f0-334a7583fb55,veracious.company,available,20.99,20.99,high,low,9,namesilo,,,13/09/2026 02:19
cad7568a-281b-471b-a04a-5cf3e6db70da,coulomb.company,available,20.99,20.99,medium,low,7,namesilo,,,18/09/2026 23:08
bcfe7e1e-e8d6-47d1-90a5-df9a5b360906,agrostemma.company,available,21.98,27.98,medium,low,10,namecheap,,,17/09/2026 19:51
e8b8b16b-250b-4826-b9e1-eb2b0df3360f,mortimer.company,available,20.99,20.99,medium,low,8,namesilo,,,25/09/2026 23:45
ad5eeda8-95ba-41ed-b71f-dcbd6945ea9f,counted.company,available,3.99,,medium,low,7,name.com,,,
0d00eac3-3cff-42d9-a1d1-e14870908e83,retailing.company,available,21.98,27.98,high,low,9,namecheap,,,23/09/2026 07:59
7ca92c66-53ff-4243-a42c-be12440d6a02,longitude.company,available,3.99,,high,low,9,name.com,,,
664f0572-287f-42c9-a24d-6f7feaf436be,atheist.company,resell,,,medium,low,7,IONOS SE,19/03/2014 16:00,19/03/2027 16:00,26/09/2026 04:06
12bd24ed-7e23-4ef5-b2fb-2f13acb1093e,genially.company,available,21.98,27.98,medium,low,8,namecheap,,,13/09/2026 17:52
bc3f73e1-3135-4d42-92d5-0248eac07a79,balmoral.company,available,20.99,20.99,high,low,8,namesilo,,,21/09/2026 23:39
842bb309-6548-4dfc-bc29-27b2099895a7,cleveland.company,premium,15.34,15.34,high,low,9,namesilo,,,
921dc1ae-b2a3-4248-957b-f896b9b2efb7,squealed.company,available,21.98,27.98,low,low,8,namecheap,,,20/09/2026 17:30
17683636-6a72-4f0e-a746-fe6c4e8897d2,banded.company,available,3.99,23.99,medium,low,6,name.com,,,08/08/2026 11:40
90da05a7-c5f8-4543-baf0-3d5f87f25e1e,creamy.company,available,3.99,23.99,high,low,6,name.com,,,13/08/2026 05:45
0e493abc-a020-441c-9a07-1b604a47f098,tummy.company,available,3.99,23.99,high,low,5,name.com,,,22/09/2026 17:49
8f8560c7-2ef1-44a1-96b2-d306d28c228b,lambent.company,available,3.99,23.99,medium,low,7,name.com,,,
e56a677e-07f9-439f-918e-a4f6e694edf6,debauched.company,available,3.99,23.99,medium,low,9,name.com,,,13/08/2026 20:14
b36a502a-8251-4dd9-8a0a-a713d5e034b3,actinism.company,available,20.99,20.99,medium,low,8,namesilo,,,17/09/2026 04:50
df1c0703-3c30-4aea-8b88-1f9d30b3deda,subsequent.company,available,20.99,20.99,high,low,10,namesilo,,,11/09/2026 00:44
3c786793-2078-417b-b5df-4c51f896938f,latter.company,available,20.99,20.99,high,low,6,namesilo,,,25/09/2026 13:08
6ceca712-cda2-49d0-8420-e55d4822c4ac,planes.company,available,20.99,20.99,high,low,6,namesilo,,,17/09/2026 03:50
e7002218-4651-4c67-a374-5e0d974fef49,atop.company,available,3.99,,medium,low,4,name.com,,,
84d61194-84b1-442e-9607-cf9c6dd72a51,swimsuits.company,available,20.99,20.99,medium,low,9,namesilo,,,18/09/2026 15:44
605c549c-a9c3-4acd-b529-285fa385dce4,digest.company,available,20.99,20.99,high,low,6,namesilo,,,24/09/2026 10:44
578d673b-5c6f-4b0f-9ac0-be5ee4ad1a5d,singing.company,available,3.99,23.99,high,low,7,name.com,,,11/08/2026 17:40
372cdbad-c8e3-420b-9813-f51db5069687,unkindly.company,available,20.99,20.99,medium,low,8,namesilo,,,12/09/2026 14:15
dc754ff2-e609-4a24-9a75-49a8c651e169,trolling.company,available,3.99,,medium,low,8,name.com,,,
a9ae52e5-6c26-4e3f-864b-5d99f26f6d34,baksheesh.company,available,20.99,20.99,medium,low,9,namesilo,,,21/09/2026 15:52
04d85d92-1203-48e3-868e-4e4676746a8f,sly.company,premium,78.54,78.54,high,low,3,namesilo,,,24/09/2026 01:29
b16132a5-de02-4c5a-9b2e-4358b8b93a84,like.company,resell,,,high,medium,4,"Sav.com, LLC",19/06/2026 21:45,19/06/2027 21:45,26/09/2026 07:14
ab2ce744-d176-46e0-9c95-480c9851a2a7,roan.company,available,21.98,27.98,high,low,4,namecheap,,,09/09/2026 18:08
b32d0cb3-ad30-4d24-b8d5-6071f7c7d83f,boney.company,available,3.99,23.99,medium,low,5,name.com,,,10/08/2026 18:44
34d59246-0122-4031-b287-96b4516e1de1,publicized.company,available,20.99,20.99,high,low,10,namesilo,,,27/09/2026 08:05
e33d390d-17d5-4968-a013-b10c80e3f57a,liberties.company,available,20.99,20.99,medium,low,9,namesilo,,,18/09/2026 04:52
5e5bce6a-b54c-4665-baed-1ae023613b35,relevantly.company,available,20.99,20.99,medium,low,10,namesilo,,,15/09/2026 22:59
676e4b8e-2939-4b9a-a428-18233df74854,quenched.company,available,20.99,20.99,medium,low,8,namesilo,,,09/09/2026 08:25
c4ff7993-8fe2-42c1-a9a2-5f66031fed05,unworldly.company,available,21.98,27.98,medium,low,9,namecheap,,,12/09/2026 20:18
9409df8e-ac84-4f94-9a9f-06eb8dcc1639,antigone.company,available,20.99,20.99,medium,low,8,namesilo,,,19/09/2026 14:26
ffc71abf-cf6d-44e3-90d6-166e88ea49dc,aerobatics.company,available,3.99,23.99,high,low,10,name.com,,,17/09/2026 12:53
0a836570-9858-4366-8717-0dcbf5e76d10,bootleg.company,available,21.98,27.98,high,low,7,namecheap,,,22/09/2026 21:19
dbd02e60-1eb9-4be8-a370-da8f01c8112a,behave.company,resell,,,high,low,6,"Sav.com, LLC",29/03/2026 21:23,29/03/2027 21:23,26/09/2026 04:20
44859ac8-75ce-4136-be1c-f6cf1da709cb,ridden.company,available,3.99,,high,low,6,name.com,,,
88eb53e6-13fa-4943-b606-887b44bf1aac,fright.company,available,20.99,20.99,medium,low,6,namesilo,,,17/09/2026 14:50
90b208a6-e41e-4825-8206-808a7dea5f5f,streaked.company,available,20.99,20.99,medium,low,8,namesilo,,,10/09/2026 22:16
ba833f30-aa26-4a52-86de-f59dd2c1b5f2,netted.company,available,20.99,20.99,medium,low,6,namesilo,,,03/09/2026 16:02
ae8c5aad-2fa6-4e84-be54-f61ffa9e5694,bitstock.company,available,20.99,20.99,medium,low,8,namesilo,,,23/09/2026 22:47
ec87d08e-ce4b-4622-813b-ccdb598b07d9,californian.company,available,3.99,,high,low,11,name.com,,,
303ce39b-c1d1-4a12-86fd-7770a3da78b8,vein.company,available,3.99,,high,low,4,name.com,,,
807ea02b-9c56-4726-ac65-efdcf41cfdc2,whore.company,available,3.99,23.99,high,low,5,name.com,,,13/08/2026 14:16
2035d145-bc98-475b-9f78-216195849f64,ratios.company,available,21.98,27.98,medium,low,6,namecheap,,,20/09/2026 23:23
aef4bf2e-a80a-4894-b3c7-27f2ce81da32,polemic.company,available,20.99,20.99,medium,low,7,namesilo,,,08/09/2026 22:51
beaed1ed-1d9d-43a7-b8ab-7e2a41397660,prosodic.company,available,20.99,20.99,medium,low,8,namesilo,,,09/09/2026 03:39
ec4f2c9f-5a48-4e65-9f9b-03f29cfd9cc1,arabian.company,resell,,,high,low,7,1API GmbH,08/06/2016 05:36,08/06/2027 05:36,26/09/2026 03:57
2f2e5101-726a-425f-b5c3-5dbac48441c4,granting.company,available,3.99,,high,low,8,name.com,,,
bbc910d4-5d7d-4629-875d-df4b696eb588,vaporous.company,available,3.99,23.99,medium,low,8,name.com,,,12/08/2026 14:34
6f401298-3d45-41c9-89a8-65fb689b2d2d,instead.company,available,3.99,,high,low,7,name.com,,,
763ff8d9-4164-4738-948f-2f366acbc903,motorbus.company,available,21.98,27.98,medium,low,8,namecheap,,,21/09/2026 05:59
d7b80ad9-9536-4f48-853e-1a657bb2e892,drizzly.company,available,3.99,23.99,medium,low,7,name.com,,,14/08/2026 19:32
6f1e189d-d558-4dcb-b55c-a5f871d1c6ba,attender.company,available,3.99,23.99,medium,low,8,name.com,,,07/08/2026 15:17
85e5c8c3-527f-41f6-af9a-a9dad70cfaf6,nurses.company,premium,85.8,85.8,high,low,6,namecheap,,,19/09/2026 19:32
4c58174a-21d4-4479-9218-1e56b1f4963c,appall.company,available,3.99,23.99,medium,low,6,name.com,,,18/09/2026 01:55
738f9933-4ef8-4e90-b3c4-52838d358b94,geniculate.company,available,3.99,23.99,medium,low,10,name.com,,,18/08/2026 21:38
d5171507-1ea5-4cdf-be9f-5e73034847a3,garcia.company,premium,85.8,85.8,high,low,6,namecheap,,,25/09/2026 20:50
3ddf6800-efe4-4f1d-848f-7be4f7a6febd,milfoil.company,available,20.99,20.99,medium,low,7,namesilo,,,17/09/2026 00:37
39af5860-c668-4151-b6d0-ef91012b5ffa,beldame.company,available,21.98,27.98,medium,low,7,namecheap,,,23/09/2026 04:46
d9439fb2-a531-4660-b396-7721732416d8,bedford.company,available,21.98,27.98,high,low,7,namecheap,,,25/09/2026 14:52
b242077c-c139-4df7-9158-03ddc458c29e,seriatim.company,available,20.99,20.99,medium,low,8,namesilo,,,16/09/2026 01:10
b179b5e6-4b1b-4074-bf74-4c6c71739367,indulgent.company,available,3.99,23.99,high,low,9,name.com,,,22/08/2026 03:33
17e1c098-bb43-4ecc-8cbc-3dc0ca747bc5,wasted.company,available,20.99,20.99,medium,low,6,namesilo,,,22/09/2026 11:10
9ed227da-6e84-43ab-89a5-a964e6c78c7e,munition.company,available,20.99,20.99,high,low,8,namesilo,,,20/09/2026 07:44
6831b708-ced7-4da2-bbcc-62509a73807f,butterflies.company,available,20.99,20.99,high,low,11,namesilo,,,16/09/2026 12:02
10b96040-d327-44a2-812b-96a0b15a4e34,statewide.company,available,21.98,27.98,high,low,9,namecheap,,,10/09/2026 19:10
7284f8a4-78dd-4312-a199-3a589204cb84,angevine.company,available,21.98,27.98,medium,low,8,namecheap,,,19/09/2026 06:07
9ec851e7-445f-4862-a0aa-c137df987305,breads.company,available,20.99,20.99,medium,low,6,namesilo,,,18/09/2026 04:07
8075df2b-f757-48e7-8090-a35f3c63e9bf,propose.company,premium,15.34,15.34,high,low,7,namesilo,,,
0c965dcf-9abe-466a-aee5-795e3acd64e5,saccade.company,available,3.99,23.99,medium,low,7,name.com,,,22/08/2026 12:47
26053b27-3aaa-467a-b30c-19dee0f504b6,steuben.company,available,20.99,20.99,medium,low,7,namesilo,,,22/09/2026 07:05
2b7bdab5-a227-40f5-b78b-0e12c67cdac5,nutrify.company,premium,15.34,15.34,medium,low,7,namesilo,,,18/09/2026 07:57
0353f1be-06cc-4c5f-a7c0-902c5746b22c,flaming.company,available,3.99,23.99,high,low,7,name.com,,,18/08/2026 06:30
8722af4f-1eb3-4d5c-8ea5-1fda4475bd8b,precipitous.company,available,3.99,,medium,low,11,name.com,,,
f26b85a2-4096-49b8-bb94-670e7c3e3b7d,wispy.company,available,20.99,20.99,medium,low,5,namesilo,,,13/09/2026 12:43
077b39f8-6cb3-4712-95c6-c3ad17fcfc4d,candor.company,available,20.99,20.99,high,low,6,namesilo,,,24/09/2026 12:01
18d5fddc-61ef-4abe-8a02-219af207455e,oneiric.company,available,20.99,20.99,medium,low,7,namesilo,,,04/09/2026 15:12
585b582d-b02b-4499-8796-b1fa8bf7fe39,magazines.company,premium,16.9,16.9,medium,low,9,namecheap,,,18/09/2026 18:19
29dbc7e6-536d-407b-9f9e-4ac9e1781fea,gaily.company,available,21.98,27.98,medium,low,5,namecheap,,,14/09/2026 20:57
74e63d15-c1de-4e8b-917f-b98dd30f786e,soph.company,available,20.99,20.99,medium,low,4,namesilo,,,10/09/2026 14:20
20e6cfb0-1438-4cf7-ad78-864e7f75c2c8,depends.company,available,21.98,27.98,medium,low,7,namecheap,,,25/09/2026 20:36
9c4121d6-4ee3-4ab6-9f50-e3343be11eec,pectoralis.company,available,20.99,20.99,medium,low,10,namesilo,,,08/09/2026 12:06
dd78bb51-8099-4a87-a98a-c7b6837cca56,runaway.company,available,3.99,23.99,high,low,7,name.com,,,18/08/2026 17:46
35757587-e27c-42d4-baec-c11894d5336a,stood.company,available,3.99,,medium,low,5,name.com,,,
4207a12f-96c8-401c-9e97-804cd5410864,fleeting.company,available,3.99,23.99,high,low,8,name.com,,,18/08/2026 07:51
74cb89a8-0fc1-479c-8fd6-41bd4bee2f59,bleachers.company,available,20.99,20.99,high,low,9,namesilo,,,24/09/2026 05:18
d219c335-2a1e-4454-a9ca-02cb9ce840ed,liturgical.company,available,3.99,23.99,medium,low,10,name.com,,,24/08/2026 07:40
4b9b82b8-61af-4a51-9d3b-509bf42172ea,candour.company,available,21.98,27.98,high,low,7,namecheap,,,24/09/2026 12:03
dba44724-a90a-4df8-a58d-443af34c6816,replace.company,premium,15.34,15.34,high,low,7,namesilo,,,
4d84192b-15ec-46b9-b9e3-2243faef69f2,publicity.company,premium,15.34,15.34,high,low,9,namesilo,,,
cdfc7586-324f-4b83-93af-f500a8d5f76f,sounds.company,available,20.99,20.99,high,low,6,namesilo,,,25/09/2026 17:10
ccdd5538-bb00-465b-85c8-c745a99a65e3,unformed.company,available,20.99,20.99,medium,low,8,namesilo,,,12/09/2026 10:39
fd7b92fc-6b2a-402c-8f9b-1823d329d789,distinct.company,resell,,,high,low,8,"Sav.com, LLC",12/07/2026 14:52,12/07/2027 14:52,26/09/2026 05:36
cbd56e59-cdd8-48ac-881b-86dfbdf35f90,abies.company,available,20.99,20.99,high,low,5,namesilo,,,16/09/2026 15:38
896c9b54-3e16-4bf4-8fe7-5ff324f8bf1c,wilmington.company,available,20.99,20.99,high,low,10,namesilo,,,25/09/2026 11:01
951c0a42-f5a9-4ec0-8688-ad93d12195cd,amylaceous.company,available,3.99,23.99,medium,low,10,name.com,,,
75d29d05-3fd6-4f85-91d4-b5c5edef502b,bistro.company,resell,,,high,low,6,Squarespace Domains II LLC,13/07/2022 13:15,13/07/2028 13:15,26/09/2026 04:27
9af143c0-9d75-4cb6-8a12-ea0d5300a9c1,amun.company,available,21.98,27.98,medium,low,4,namecheap,,,18/09/2026 18:29
a4b250e6-22b6-42ab-8445-2b8b2641332b,quinn.company,resell,,,high,low,5,Porkbun LLC,25/04/2026 21:54,25/04/2027 21:54,26/09/2026 08:27
87660768-5872-44a8-958e-e2fb3fb45d04,flameproof.company,available,3.99,23.99,high,low,10,name.com,,,18/08/2026 06:28
ba57aa0c-c170-41d7-8918-2c919f84058e,asphodel.company,available,20.99,20.99,medium,low,8,namesilo,,,20/09/2026 15:08
158d98e0-5c5d-497e-8a29-5f13f4aca85d,truculent.company,available,21.98,27.98,medium,low,9,namecheap,,,11/09/2026 20:29
0e118f74-29d6-4cbb-93a9-e1356ef1ee32,panel.company,resell,,,high,low,5,Porkbun LLC,30/11/2021 19:31,30/11/2027 19:31,26/09/2026 08:00
b4f74d12-c83d-4e84-9e23-b04799f517e4,fugitive.company,available,3.99,23.99,high,low,8,name.com,,,18/08/2026 07:53
ebd329ea-3d60-4914-adf0-9ba8ac640d74,proved.company,available,20.99,20.99,high,low,6,namesilo,,,27/09/2026 07:48
558bcf3e-63b9-4c6c-81c8-ed174223bc65,doubter.company,available,3.99,23.99,medium,low,7,name.com,,,
8ada1799-af02-4d0f-a649-54d9f293008c,acids.company,available,3.99,,medium,low,5,name.com,,,
4324d733-a0c2-4e85-b3aa-15c52fe75c28,rockbound.company,available,21.98,27.98,medium,low,9,namecheap,,,09/09/2026 18:10
90d31b82-9367-4832-b29c-3aebc5222f93,mobile.company,resell,,,high,medium,6,"Go China Domains, LLC",24/06/2015 16:00,24/06/2027 16:00,26/09/2026 07:35
bf76a509-7277-4520-8e63-0518980b049e,locating.company,premium,15.34,15.34,high,low,8,namesilo,,,09/09/2026 00:10
58b24f77-0c92-4f11-88bd-710f4e2c5eb1,free.company,resell,,,high,medium,4,Dynadot Inc,06/06/2021 15:47,06/06/2027 15:47,26/09/2026 06:14
a396df1b-9d9d-4239-b240-a2d4e9c98f33,forgetting.company,available,3.99,,high,low,10,name.com,,,
a76d7988-5899-42ff-838c-d71191c2f311,fruiting.company,available,3.99,23.99,high,low,8,name.com,,,18/08/2026 17:04
5aa1fe9a-8ff6-45c5-9ec8-91f668d8385e,bettering.company,available,3.99,23.99,high,low,9,name.com,,,09/08/2026 18:11
fa78ff91-d730-455a-8a1b-81ddfefccdda,truffle.company,resell,,,high,low,7,"Xiamen ChinaSource Internet Service Co., Ltd",20/12/2025 00:06,20/12/2026 00:06,26/09/2026 09:47
a8f49662-b78d-48da-bc27-efc7cb0fa324,almagrib.company,available,3.99,23.99,medium,low,9,name.com,,,24/08/2026 16:25
f54cf3fc-f29e-4372-97ad-a2101f763a0c,vapid.company,available,3.99,23.99,medium,low,5,name.com,,,10/08/2026 13:04
177bb9b5-41cd-4362-9559-649fbc7ca281,wrinkles.company,available,20.99,20.99,medium,low,8,namesilo,,,16/09/2026 13:02
069d4b2c-3563-4063-88f2-8df2c2e76eda,prying.company,available,20.99,20.99,medium,low,6,namesilo,,,03/09/2026 21:52
e74e21d9-962a-4bf3-a50f-397c50f4ae23,transported.company,available,20.99,20.99,high,low,11,namesilo,,,16/09/2026 07:05
bde8ea69-874e-4b1f-86dd-e92bd980158b,constantly.company,available,3.99,,high,low,10,name.com,,,
48109ca9-9f40-4a21-9e7e-80b836e82975,youngest.company,available,3.99,,high,low,8,name.com,,,
66f24ba6-bf44-4453-b1d8-22b4fe994c8f,adaptative.company,available,20.99,20.99,high,low,10,namesilo,,,21/09/2026 16:59
ccb86b43-16ad-4408-9ea7-32f8613f10bb,patchy.company,available,20.99,20.99,medium,low,6,namesilo,,,08/09/2026 10:20
cebd8932-6048-4ce7-bc98-27215c0ad2ed,telly.company,available,20.99,20.99,high,low,5,namesilo,,,24/09/2026 06:44
e76f2125-a1c0-4f48-9bff-53b2de541610,fresher.company,available,3.99,23.99,high,low,7,name.com,,,18/08/2026 15:22
173deef1-0dfa-4639-b675-bb0ddb3a138b,officials.company,available,21.98,27.98,high,low,9,namecheap,,,17/09/2026 12:28
d84ea4f0-52a9-4947-9b01-b25a441d25b8,consider.company,resell,,,high,low,8,"Sav.com, LLC",01/03/2026 19:37,01/03/2027 19:37,26/09/2026 05:12
41760a65-6ec9-4174-b68b-bdc52b43b384,allergic.company,available,20.99,20.99,high,low,8,namesilo,,,22/09/2026 01:25
cd0edb73-d2a4-49ae-9dde-f70b15c34150,apis.company,resell,,,high,medium,4,"Sav.com, LLC - 6",29/12/2025 15:16,29/12/2026 15:16,26/09/2026 03:56
29a9d03f-386c-4196-a5da-abe0e0b9443b,polio.company,available,21.98,27.98,medium,low,5,namecheap,,,17/09/2026 05:40
551ff210-e422-4bd5-9b72-d27fb237609f,kurosawa.company,available,3.99,23.99,medium,low,8,name.com,,,18/09/2026 00:08
d4a916ae-d62e-4cb2-8a7c-4ad0c9415436,abkhaz.company,available,3.99,23.99,medium,low,6,name.com,,,
867b9a0c-2889-4ee5-86a1-95a98f29f8b5,shortness.company,available,20.99,20.99,medium,low,9,namesilo,,,16/09/2026 17:27
3ebebce0-02bf-47cc-b70b-44d247c36360,consenting.company,available,3.99,23.99,high,low,10,name.com,,,12/08/2026 22:35
2071ac8d-d970-41f9-bad3-6cc5460d1204,categoric.company,available,3.99,23.99,high,low,9,name.com,,,11/08/2026 21:29
36550adf-8e31-43db-8f82-a2683d75731e,wagering.company,available,20.99,20.99,high,low,8,namesilo,,,25/09/2026 02:56
97510bbb-8c9d-4717-a48b-91a9a8c338b3,quizzes.company,available,20.99,20.99,medium,low,7,namesilo,,,18/09/2026 17:07
0182dbe4-8e09-4dff-bee6-5bf86f930924,affirmative.company,available,3.99,,high,low,11,name.com,,,
490a8bab-a82e-4fe4-8265-8487fa07eced,zodiacal.company,available,20.99,20.99,medium,low,8,namesilo,,,13/09/2026 15:23
df3ebb55-99db-41c3-8b03-ab606b68f657,guest.company,resell,,,high,low,5,"Spaceship, Inc.",12/09/2025 15:15,12/09/2027 15:15,26/09/2026 06:31
c3deefd6-a2b0-40f9-aaea-074b933081f6,theorize.company,available,21.98,27.98,high,low,8,namecheap,,,24/09/2026 17:19
b3c3dffc-d34c-4ccf-991f-c2a915f89271,semiotical.company,available,20.99,20.99,medium,low,10,namesilo,,,10/09/2026 03:15
4fa214e3-825a-4822-9eee-291009ac8fbc,teenager.company,premium,18.99,16.25,high,low,8,name.com,,,21/09/2026 19:08
b03ca7a9-72ec-4332-9fdf-b7797f5d6a6f,bumpy.company,available,3.99,23.99,medium,low,5,name.com,,,11/08/2026 09:48
e5ac1f1b-7567-4a86-af48-794323ad0b56,nineteen.company,available,20.99,20.99,high,low,8,namesilo,,,21/09/2026 12:05
7ad4168f-db81-419b-882f-72bccf857535,hepworth.company,available,20.99,20.99,medium,low,8,namesilo,,,22/09/2026 04:23
7213d9ec-a21d-481e-9634-463257c7fe63,crisply.company,available,20.99,20.99,medium,low,7,namesilo,,,14/09/2026 09:37
3b3b3c97-3494-4ee8-beb6-827fe28afb8c,whistle.company,premium,15.34,15.34,high,low,7,namesilo,,,25/09/2026 23:59
bc896485-7d77-4e86-8fa2-41c85c2774fa,awny.company,available,3.99,23.99,medium,low,4,name.com,,,08/08/2026 01:25
97b3c3c3-c459-46f6-b8ae-f80a69ec4c50,aspartame.company,available,21.98,27.98,high,low,9,namecheap,,,20/09/2026 14:43
341d2f03-6689-47ae-8751-6294c2b380ba,megabucks.company,available,20.99,20.99,high,low,9,namesilo,,,23/09/2026 14:11
7ed23367-46f7-4352-9896-b7dc50b64c4e,surging.company,available,3.99,23.99,high,low,7,name.com,,,09/08/2026 21:44
fd78ed6e-bb92-45cb-aaa1-752838d42b09,sonsy.company,available,3.99,23.99,medium,low,5,name.com,,,10/08/2026 20:35
011a5eb4-365e-460f-a11b-6b0c5c912bc6,drift.company,resell,,,high,low,5,"Xiamen ChinaSource Internet Service Co., Ltd",08/01/2025 15:15,08/01/2027 15:15,26/09/2026 05:41
c8169015-1f05-4716-8a3e-cd4cb26a5ac4,hesse.company,available,20.99,20.99,high,low,5,namesilo,,,27/09/2026 04:26
f8d93573-d625-44a2-b27d-e223b3f42087,scarred.company,available,20.99,20.99,medium,low,7,namesilo,,,25/09/2026 17:02
6299d13f-1b15-4fc0-bd65-683c83d6abb0,foolhardy.company,available,3.99,23.99,medium,low,9,name.com,,,18/08/2026 10:28
c34cbc20-0679-4122-8283-2033f22f0d8b,attested.company,available,3.99,23.99,high,low,8,name.com,,,07/08/2026 15:41
8b97ce08-a791-43bd-a3a0-408327fce658,unrepaired.company,available,21.98,27.98,medium,low,10,namecheap,,,12/09/2026 18:17
f69c2ab9-adcd-4eaf-90fd-80571da9e8d5,annulated.company,available,3.99,23.99,medium,low,9,name.com,,,
a4e17f8e-f7f2-448a-b880-5f0d3166d653,churning.company,available,3.99,23.99,high,low,8,name.com,,,12/08/2026 07:51
c5e24410-418b-422c-8891-430006e5b40b,turncoat.company,available,3.99,23.99,medium,low,8,name.com,,,06/08/2026 03:49
92877072-1a47-4ad7-b331-73b3b066c56f,affluence.company,available,3.99,,high,low,9,name.com,,,
6613b6f1-b731-4de9-881e-bb34fc57bb32,secretive.company,available,3.99,23.99,medium,low,9,name.com,,,12/08/2026 12:18
526ab264-6177-452b-8cc7-e8aa25f48720,vagrant.company,available,3.99,23.99,high,low,7,name.com,,,14/08/2026 19:18
ee956c3a-9a2c-4e7c-8662-fdbd03d6fa1b,gal.company,premium,242,242,high,low,3,namesilo,,,
7c73482d-1e8a-463a-945b-7292b34837e3,agitprop.company,available,21.98,27.98,medium,low,8,namecheap,,,17/09/2026 18:14
cf9bb7a6-af1d-47e8-a7f9-f7ef12de8097,noisy.company,available,21.98,27.98,high,low,5,namecheap,,,03/09/2026 18:15
4584edf9-6cb5-4272-9b8f-dcb3fc71655b,breast.company,available,20.99,20.99,high,low,6,namesilo,,,24/09/2026 08:29
3175d22f-df18-4751-b2df-f29117f1ea07,bittern.company,available,20.99,20.99,medium,low,7,namesilo,,,23/09/2026 23:02
9bd36a13-f783-4655-b646-f1a906ca5ddf,etiology.company,available,20.99,20.99,medium,low,8,namesilo,,,17/09/2026 13:48
880af45b-97c1-4072-b761-0d8a381c0b17,seltzer.company,available,20.99,20.99,high,low,7,namesilo,,,24/09/2026 12:47
7f8fd463-2d9d-415c-b639-03148fe0c09f,mangold.company,available,20.99,20.99,medium,low,7,namesilo,,,23/09/2026 11:02
a06425b2-aa48-4125-9691-5294380beb12,peregrine.company,resell,,,medium,low,9,"Sav.com, LLC",20/03/2026 16:54,20/03/2027 16:54,26/09/2026 08:06
3192a1fc-c201-44cf-9327-0b1aa6a5c615,washout.company,available,3.99,23.99,medium,low,7,name.com,,,14/08/2026 20:57
6b8bc51b-29b2-40f7-bbf5-48a715c830a6,bleeder.company,available,20.99,20.99,medium,low,7,namesilo,,,24/09/2026 05:24
0a885986-5239-4b75-9411-6327f50fff09,curium.company,available,20.99,20.99,medium,low,6,namesilo,,,21/09/2026 00:13
b92b4bd5-98db-4635-b626-ebde6a27591c,absently.company,available,20.99,20.99,medium,low,8,namesilo,,,13/09/2026 16:41
677a2236-f50e-4a18-89e7-37d464ad3fd9,healthful.company,premium,15.34,15.34,high,low,9,namesilo,,,21/08/2026 02:02
77574be2-6c1c-4744-9b03-fa8c673cadcf,sticking.company,available,20.99,20.99,high,low,8,namesilo,,,27/09/2026 06:41
6c59c7a5-8dea-45a7-b735-b9e1169af29b,speeding.company,available,20.99,20.99,high,low,8,namesilo,,,25/09/2026 06:47
362a4524-9582-432b-87cd-ceeb1d93ad8f,peak.company,resell,,,high,medium,4,"Name.com, Inc.",20/04/2018 09:09,20/04/2027 09:09,26/09/2026 08:04
76673fbc-136d-4438-9c31-95f8c83b7619,palliative.company,available,3.99,23.99,high,low,10,name.com,,,
0aacc1a0-015f-4bed-88db-ff0c55506641,imminent.company,available,3.99,23.99,high,low,8,name.com,,,21/08/2026 20:55
9e861f18-6851-44a4-b6be-88710e7cc055,skillfully.company,available,20.99,20.99,high,low,10,namesilo,,,16/09/2026 02:07
3599a6fb-313a-46d7-ab2f-d3b480132c72,drumhead.company,available,3.99,23.99,medium,low,8,name.com,,,14/08/2026 20:15
aea8ebb3-c064-4eee-91c8-3ac360087fd5,incendiary.company,available,3.99,23.99,medium,low,10,name.com,,,22/08/2026 00:54
de862161-95dd-460f-b934-152e9182ae8e,modeller.company,available,3.99,,high,low,8,name.com,,,
fcd787e7-1381-443e-aa9f-6af4ced5d77b,matte.company,available,20.99,20.99,high,low,5,namesilo,,,25/09/2026 17:39
67fcf9c6-eb48-4b86-84ed-24ec414a0989,russet.company,available,21.98,27.98,high,low,6,namecheap,,,09/09/2026 20:06
2eb46d0c-10c3-4f4a-8fb9-14c6d19f9e4a,autosexing.company,available,20.99,20.99,medium,low,10,namesilo,,,21/09/2026 07:42
8071dd66-2665-4e67-9751-4b0b0ca18593,invented.company,available,3.99,,high,low,8,name.com,,,
57e25716-614f-4dfe-a21a-89311eb0ad57,colored.company,available,21.98,27.98,high,low,7,namecheap,,,22/09/2026 20:23
4f61a212-e7e6-40f0-a657-030c756e4108,broody.company,available,3.99,23.99,medium,low,6,name.com,,,11/08/2026 05:54
d0f45535-1f0a-4129-bd01-8e48f19d64ea,interbrain.company,available,20.99,20.99,medium,low,10,namesilo,,,23/09/2026 11:55
f60af32d-1254-44c2-a7d2-363ba4f2b961,sensational.company,resell,,,high,low,11,"Sav.com, LLC",27/06/2026 11:40,27/06/2027 11:40,26/09/2026 08:55
45330e7c-40fd-4dd1-97aa-d66d533d292c,fidgety.company,available,3.99,23.99,medium,low,7,name.com,,,05/08/2026 20:32
835ad1e8-bdb8-4235-906c-c8db5d94cd36,assets.company,resell,,,high,low,6,"Sav.com, LLC",25/12/2025 21:48,25/12/2026 21:48,26/09/2026 04:04
9b35df4e-a665-4203-95b9-2089a5c8ab62,composure.company,available,3.99,23.99,high,low,9,name.com,,,11/08/2026 14:55
2c9145e9-9878-4bfa-b213-0d4b390b56f1,prole.company,available,20.99,20.99,medium,low,5,namesilo,,,09/09/2026 03:01
83983e41-dbe1-47e4-8f27-fa44caedcce0,goonie.company,available,20.99,20.99,medium,low,6,namesilo,,,23/09/2026 23:45
ad5ab3c6-2a67-4065-be2b-54fa2b31dfea,exigent.company,available,3.99,23.99,medium,low,7,name.com,,,13/08/2026 09:31
f3316f81-a8d8-4a06-82d1-64d653ae4791,stake.company,resell,,,high,high,5,Dynadot Inc,01/01/2021 12:14,01/01/2027 12:14,26/09/2026 09:15
3a5677c6-209c-4522-9c54-5d4d6f940fac,fulbright.company,available,20.99,20.99,high,low,9,namesilo,,,27/09/2026 04:04
73af1ccc-176e-44a8-9437-9b79f3565647,datable.company,available,3.99,23.99,medium,low,7,name.com,,,13/08/2026 18:36
3b6b31a9-82a0-4581-aa5a-ddcc8bb44b42,triassic.company,available,21.98,27.98,medium,low,8,namecheap,,,11/09/2026 19:21
a5338b73-609d-47b2-adfa-b20bfe63acd0,attosecond.company,available,21.98,27.98,medium,low,10,namecheap,,,21/09/2026 02:11
fda0cb03-da97-4396-8443-c633365a3842,remarkably.company,available,20.99,20.99,medium,low,10,namesilo,,,15/09/2026 23:06
cf274162-60d3-455b-9663-43bf721ed82e,chocolate.company,resell,,,high,low,9,"Spaceship, Inc.",30/06/2015 22:03,30/06/2027 22:03,26/09/2026 04:55
6b3899c5-36ab-4e35-9cb9-4c58c2b49b3c,favorable.company,available,20.99,20.99,high,low,9,namesilo,,,24/09/2026 17:21
8b1bff1b-a964-4bfd-8497-d56b27a5a9e3,precarious.company,available,20.99,20.99,medium,low,10,namesilo,,,08/09/2026 01:44
a0d580fe-53df-491b-84eb-3247243952b9,rewardful.company,available,20.99,20.99,medium,low,9,namesilo,,,09/09/2026 16:27
e0b38f27-e839-4265-9ac9-cbabca781930,salt.company,resell,,,high,low,4,Porkbun LLC,30/11/2024 15:15,30/11/2026 15:15,26/09/2026 08:47
95889a62-5469-4a4b-a1cd-f833f5a7e95c,admiration.company,available,3.99,,high,low,10,name.com,,,
21d02536-87c9-42f4-8895-cabfc11ce5fc,briefing.company,available,3.99,,high,low,8,name.com,,,
070c979c-5299-4ac2-b3a1-0b24b8dbc349,mobiles.company,premium,15.34,15.34,medium,low,7,namesilo,,,20/09/2026 08:45
54a34492-aa59-4f0e-8ff8-f0c46ef7b243,pointed.company,available,20.99,20.99,high,low,7,namesilo,,,08/09/2026 22:36
d36a360d-1f30-4dd7-8a9e-9fd4469d42fe,adequately.company,available,3.99,,high,low,10,name.com,,,
b3b3bb77-9c44-456f-ade4-128d9ce56b7f,checkbook.company,available,20.99,20.99,high,low,9,namesilo,,,24/09/2026 13:57
0e1ada4c-95f3-4c2e-aefe-5f00f6992a3c,stinging.company,available,3.99,23.99,high,low,8,name.com,,,13/08/2026 13:17
6590edab-47b6-4c54-8a92-3b94feddfc09,arundo.company,available,20.99,20.99,medium,low,6,namesilo,,,20/09/2026 12:25
22dcefe8-bdfc-4c97-b392-1b84f9b30f21,timorous.company,available,20.99,20.99,medium,low,8,namesilo,,,11/09/2026 16:05
a6a235ef-3a60-41fa-b5af-ce7334296b07,fridge.company,premium,15.34,15.34,high,low,6,namesilo,,,
09858321-da54-4243-9d56-71f539cadd55,lynn.company,available,20.99,20.99,high,low,4,namesilo,,,27/09/2026 07:20
ffcf5e84-47b2-4a97-9907-dd8db37678b4,gossipy.company,available,3.99,23.99,medium,low,7,name.com,,,20/08/2026 17:09
cbc4769d-53c6-4f17-8b80-39398eedf1aa,fishtail.company,available,3.99,,high,low,9,name.com,,,
dc6aee72-0358-4d4e-8e7c-91875165e53a,leroy.company,available,20.99,20.99,medium,low,5,namesilo,,,25/09/2026 15:35
95d3aa78-f535-401e-8edb-0c7e3fbe7784,essay.company,premium,16.9,16.9,high,low,5,namecheap,,,21/09/2026 01:17
a2843590-1670-4538-9011-c5d00727a1f9,beowulf.company,available,20.99,20.99,medium,low,7,namesilo,,,23/09/2026 09:04
bbfa0b2a-a8ba-4d9c-a035-191d721dd9d5,affray.company,available,20.99,20.99,medium,low,6,namesilo,,,17/09/2026 14:43
f2aad0bb-2a7f-4457-a5ea-a53c14e9a68a,fluorine.company,available,20.99,20.99,medium,low,8,namesilo,,,21/09/2026 00:03
f5a8cb21-7f49-4b6c-8b8b-37ad0aa68540,bayesian.company,available,3.99,23.99,medium,low,8,name.com,,,09/08/2026 03:13
f67cf1a7-948c-4f68-8725-4563ebaefa5a,grouped.company,available,3.99,23.99,high,low,7,name.com,,,20/08/2026 20:22
f01b30e4-2c02-49b2-9d4d-3404b71c5b84,aseptic.company,available,20.99,20.99,high,low,7,namesilo,,,22/09/2026 09:33
67b06bae-2e77-4a58-8c6a-e098842fbffa,commence.company,available,21.98,27.98,high,low,8,namecheap,,,23/09/2026 02:22
62959a3e-3b12-4fb1-ae60-ac7784175106,antum.company,available,20.99,20.99,medium,low,5,namesilo,,,19/09/2026 15:47
5229d4a8-8e90-4714-98a5-8fa0dade3354,lie.company,premium,242,242,high,low,3,namesilo,,,
bb290551-97d4-4841-8d74-d7acc5d09863,backpacker.company,premium,16.9,16.9,high,low,10,namecheap,,,21/09/2026 15:44
7332df3e-c550-46cd-beea-c2a743467925,diner.company,premium,15.34,15.34,high,low,5,namesilo,,,
26a14945-7679-4599-ae9a-e50332dbc9b1,imaginable.company,available,20.99,20.99,high,low,10,namesilo,,,23/09/2026 18:44
2814835e-0eaf-4850-a9fa-0905e7680f98,inhibit.company,available,3.99,,high,low,7,name.com,,,
d5fbbe05-bbb2-4578-bde4-87bb7316b185,overfed.company,available,21.98,27.98,medium,low,7,namecheap,,,04/09/2026 20:33
e9ecb4da-fda2-422e-a618-93aa7abd0845,lachrymal.company,available,3.99,23.99,medium,low,9,name.com,,,22/08/2026 17:59
cc938ddd-4be4-4f81-ae93-1998a7ef7e6e,rife.company,available,21.98,27.98,medium,low,4,namecheap,,,04/09/2026 20:07
6235a145-b686-4086-a336-f842fc192815,blasphemy.company,available,20.99,20.99,medium,low,9,namesilo,,,24/09/2026 04:15
a09fdbdc-f9ac-45d3-bb26-d506be02a57a,bedouin.company,available,20.99,20.99,high,low,7,namesilo,,,22/09/2026 23:26
6fadde75-b0cf-42ba-a762-9fd30b2aeb19,polonium.company,available,20.99,20.99,medium,low,8,namesilo,,,20/09/2026 23:54
178b9fbe-4eaf-4635-9e9a-cf1dca9e1a76,okey.company,available,20.99,20.99,medium,low,4,namesilo,,,03/09/2026 23:19
1ca0da39-ae3a-42ba-bfc5-e0c4df00761f,stoolie.company,available,3.99,23.99,medium,low,7,name.com,,,11/08/2026 16:46
ae2ed087-0c8d-4ca9-adfa-a3bbbb8572bf,thousand.company,available,20.99,20.99,high,low,8,namesilo,,,21/09/2026 11:02
15ddfaa5-436e-40ce-85e4-01cc5355c08b,word.company,resell,,,high,low,4,"Spaceship, Inc.",02/04/2021 00:03,02/04/2027 00:03,26/09/2026 10:13
5b4206c5-36d0-4b75-920b-073675252e0a,prodigally.company,available,20.99,20.99,medium,low,10,namesilo,,,15/09/2026 21:38
8376f5ad-4d5f-41ed-a627-3a7d53cbb2f0,cantabile.company,available,3.99,23.99,medium,low,9,name.com,,,11/08/2026 17:38
1731b84b-c452-4d3d-a404-79eba026a7ba,imbecile.company,available,3.99,23.99,medium,low,8,name.com,,,21/08/2026 20:22
fdd6055e-4421-4840-8b4e-4f0d6a699ca5,remembrances.company,available,20.99,20.99,medium,low,12,namesilo,,,19/09/2026 23:41
df8de1b7-1f29-4ff3-a472-39dbfa23c768,luminous.company,available,,,high,low,8,,,,
dd255004-57c5-488a-878d-48c147b22983,ambit.company,premium,15.34,15.34,high,low,5,namesilo,,,18/09/2026 16:51
2bfd30e1-2ab7-4054-bf42-3adc61e09d8e,tame.company,available,20.99,20.99,high,low,4,namesilo,,,11/09/2026 07:40
a0ff4e5d-cb3e-49fc-b2a5-bcd7a1193312,workaday.company,available,3.99,23.99,high,low,8,name.com,,,17/08/2026 14:58
f215a4b0-5a85-4e90-b399-1701be260312,upsetting.company,available,3.99,23.99,medium,low,9,name.com,,,14/08/2026 09:55
f6dfe04f-49bd-4c67-83ab-471396c16c37,astounded.company,available,20.99,20.99,high,low,9,namesilo,,,22/09/2026 03:42
bd479f99-9d7c-4a73-b042-4afbf411a13e,nooky.company,available,3.99,23.99,medium,low,5,name.com,,,18/08/2026 17:29
34fd020d-2a74-4756-8171-2b24fa86f0ef,yielded.company,available,20.99,20.99,medium,low,7,namesilo,,,18/09/2026 03:02
67375e30-fa04-48de-8152-f915f7486431,topping.company,available,20.99,20.99,high,low,7,namesilo,,,11/09/2026 17:36
c536bab2-8cf1-481f-9296-388ca04cfe54,scramble.company,available,20.99,20.99,high,low,8,namesilo,,,24/09/2026 15:13
2f6bc266-8453-4b8f-84a1-d9a4d787e667,planless.company,available,3.99,23.99,medium,low,8,name.com,,,
6291abdb-fee7-4765-b4b5-03faeff708c7,octad.company,available,3.99,23.99,medium,low,5,name.com,,,
a577c6fe-d482-4393-9b8a-a5e5552caf7d,zamang.company,available,20.99,20.99,medium,low,6,namesilo,,,18/09/2026 03:18
d9dbf3c3-834d-4908-9ae4-33ee51ccc7f4,limestone.company,premium,15.34,15.34,high,low,9,namesilo,,,
4d183c32-b933-490b-ad8a-fb2c18fe905d,fitzpatrick.company,available,20.99,20.99,medium,low,11,namesilo,,,27/09/2026 07:56
f7e8dec6-14dc-4705-a4f3-51fc281a2b82,conjunction.company,available,3.99,,high,low,11,name.com,,,
dfb03f08-3e7d-4b6d-820a-2e5821283d72,unplanned.company,premium,15.34,15.34,medium,low,9,namesilo,,,12/09/2026 16:51
33e1744e-ecb9-47ad-a029-4576005be120,perhaps.company,available,3.99,,high,low,7,name.com,,,
2151b055-b2b5-4df0-8683-ce3c02855077,comate.company,available,3.99,23.99,low,low,6,name.com,,,12/08/2026 18:20
9ed6396c-9ac3-4dbd-952a-3a7ffc09538d,unlaced.company,available,20.99,20.99,medium,low,7,namesilo,,,12/09/2026 14:37
2537e223-caaa-4b97-b3f5-6e196b2349c9,unaged.company,available,20.99,20.99,medium,low,6,namesilo,,,12/09/2026 00:11
4c9d2c92-586c-497d-8307-9d0da05e5ec7,chickpea.company,available,21.98,27.98,high,low,8,namecheap,,,24/09/2026 14:29
2ac2b5cf-c185-4fc7-8f16-c47d552ca976,padded.company,available,3.99,23.99,high,low,6,name.com,,,13/08/2026 11:57
aa60c46d-8cdd-42c2-8208-46f5fafc9dde,justice.company,resell,,,high,medium,7,"Chengdu West Dimension Digital Technology Co., Ltd.",21/03/2020 09:34,21/03/2034 09:34,26/09/2026 07:03
42988e95-9588-41d3-afb9-f44fcb882b73,locker.company,resell,,,high,low,6,"Chengdu West Dimension Digital Technology Co., Ltd.",08/07/2024 17:00,08/07/2027 17:00,26/09/2026 07:17
640c9e8d-04c2-4ee0-bf8f-3e853b0d747b,warring.company,available,20.99,20.99,medium,low,7,namesilo,,,13/09/2026 08:11
710aa57e-8244-487a-8db4-e910bc3446d3,manioc.company,available,20.99,20.99,medium,low,6,namesilo,,,23/09/2026 22:51
5c463101-9a77-4cc7-97ee-015a50595c54,ostracize.company,available,20.99,20.99,medium,low,9,namesilo,,,24/09/2026 01:58
918e02b0-dd19-4908-a1ea-0139e2e0c896,unearthly.company,available,3.99,23.99,medium,low,9,name.com,,,16/08/2026 02:28
21135f43-9230-4eb7-9701-db70b8918375,police.company,premium,15.34,15.34,high,low,6,namesilo,,,
4fabb861-d673-44c7-aae7-2e21f05fc999,applicable.company,available,3.99,23.99,high,low,10,name.com,,,06/08/2026 07:06
d395804d-fe17-4d18-a198-0da6d208b1b3,brutish.company,available,3.99,23.99,low,low,7,name.com,,,09/08/2026 17:59
b2cd57a6-ad34-4d4a-bfee-7ce0d29af240,focusing.company,available,20.99,20.99,high,low,8,namesilo,,,24/09/2026 13:33
3f5de5f4-d429-4f65-8b5e-1ffcaa4de56e,lunate.company,available,3.99,23.99,medium,low,6,name.com,,,13/08/2026 06:12
3c33c4b8-7634-413e-af74-119239d848a7,jittery.company,available,3.99,23.99,medium,low,7,name.com,,,15/08/2026 08:41
4d612d4d-3112-4a65-b20c-298ddad6530a,adipose.company,available,3.99,23.99,medium,low,7,name.com,,,
1ebb058a-e553-4f47-9692-c0dce6dbdc6b,ravaged.company,available,3.99,23.99,medium,low,7,name.com,,,14/08/2026 04:29
55fe7e57-a901-47c0-8451-9883dd3c68cc,sir.company,premium,78.54,78.54,high,low,3,namesilo,,,26/09/2026 00:18
fe6a7f22-fb9e-4bef-8f52-79b0ca8234c3,retrieve.company,available,3.99,,high,low,8,name.com,,,
1e28325b-0cc5-4ed3-a363-c4017ecfbf17,unkind.company,available,20.99,20.99,medium,low,6,namesilo,,,12/09/2026 14:11
e799f8c4-a7bb-4185-b9e8-fb0ad69822e6,david.company,resell,,,high,medium,5,"Spaceship, Inc.",29/01/2023 15:15,29/01/2027 15:15,26/09/2026 05:26
24796497-15d2-48a4-9591-1d41baee7a47,galveston.company,premium,18.99,16.25,high,low,9,name.com,,,27/09/2026 04:07
ffb7d8dd-900e-4eb1-9769-e7e92a030937,glove.company,resell,,,high,low,5,"Chengdu West Dimension Digital Technology Co., Ltd.",22/12/2022 15:15,22/12/2033 15:15,26/09/2026 06:24
2c519564-6cf0-437f-8b69-22945da217c8,concurrent.company,available,3.99,23.99,high,low,10,name.com,,,12/08/2026 13:22
fa78eac0-0c42-4e0f-ab55-d37fd2963ed7,hitchcock.company,available,21.98,27.98,high,low,9,namecheap,,,18/09/2026 06:32
45d6ae1b-8708-4931-a672-aaab4d6de4a3,swaggie.company,available,3.99,23.99,medium,low,7,name.com,,,11/09/2026 05:03
268e2625-d94a-48db-92f7-bfe6acb329e3,dabbled.company,available,3.99,23.99,medium,low,7,name.com,,,13/08/2026 15:12
891f591d-5382-4e00-935f-8993e711e1f6,colloquial.company,available,3.99,23.99,medium,low,10,name.com,,,12/08/2026 17:14
cabf2827-61f1-4f2a-865e-e4b3b74d36ea,regard.company,available,20.99,20.99,high,low,6,namesilo,,,08/09/2026 11:00
cc6e0058-9155-44ef-b4d7-9935696918ef,stagey.company,available,21.98,27.98,medium,low,6,namecheap,,,10/09/2026 18:06
7e536bd0-2a15-46e4-aa31-4c203f205140,uttered.company,available,3.99,23.99,medium,low,7,name.com,,,17/08/2026 18:44
ab102395-ee9c-4769-a2d5-6eb398462d33,dungeon.company,premium,15.34,15.34,high,low,7,namesilo,,,24/09/2026 23:29
f2143ff6-ca7e-4b4b-896f-23822e1dcf60,spookily.company,available,20.99,20.99,medium,low,8,namesilo,,,14/09/2026 15:07
77fc8a24-6d9f-4ab9-a7e5-2284b48d9582,adenine.company,available,20.99,20.99,medium,low,7,namesilo,,,17/09/2026 07:24
04d912f2-7ade-4c67-8ffc-a4bfe95b2b17,natation.company,available,3.99,23.99,medium,low,8,name.com,,,18/08/2026 08:34
b821a607-ad5e-456f-aca2-ba2a8ae05e91,wander.company,premium,15.34,15.34,high,low,6,namesilo,,,
39a4f06b-81b2-4530-a709-e088f4d54bd3,untrod.company,available,20.99,20.99,medium,low,6,namesilo,,,08/09/2026 10:33
7d23ae6e-33bf-41b2-8dd3-d001e6657b56,eager.company,available,20.99,20.99,high,low,5,namesilo,,,24/09/2026 12:48
54f40ad3-ea32-461d-abce-3d60e4e22bba,tactual.company,available,3.99,23.99,medium,low,7,name.com,,,21/08/2026 00:04
7ee73354-e975-4324-862e-815992e4278c,enormously.company,available,20.99,20.99,medium,low,10,namesilo,,,14/09/2026 15:47
434353b1-a22b-43f3-a9c7-36369cd0a1c1,blocky.company,available,3.99,23.99,medium,low,6,name.com,,,10/08/2026 14:53
2186005b-df3a-423c-8bcc-456c98ca2629,mosquitoes.company,available,20.99,20.99,low,low,10,namesilo,,,18/09/2026 14:22
51e8b177-76f2-47fb-a32c-d56a8d95fe07,mathematics.company,available,20.99,20.99,high,low,11,namesilo,,,23/09/2026 08:58
2c4c59d7-6012-4855-aa58-478b4aab504a,avarice.company,available,20.99,20.99,medium,low,7,namesilo,,,21/09/2026 08:42
15f05f3d-fcc5-416a-8213-5d79515d820a,azeri.company,premium,15.34,15.34,high,low,5,namesilo,,,21/09/2026 11:12
aaaf6df3-1dab-4c95-891c-88d24790df3b,unknowing.company,available,20.99,20.99,medium,low,9,namesilo,,,12/09/2026 14:22
c21ec20a-4d05-4b05-8d78-125677f0accd,hotly.company,available,20.99,20.99,medium,low,5,namesilo,,,14/09/2026 23:58
5b7f4e17-a556-4eea-a084-e4a5db34e183,sugary.company,available,20.99,20.99,high,low,6,namesilo,,,19/09/2026 16:54
00a67d70-1657-4907-82e2-1eda651bad16,marvellous.company,available,21.98,27.98,high,low,10,namecheap,,,25/09/2026 00:14
a473a542-b394-4911-a833-793e4bfacf0a,rolls.company,available,20.99,20.99,high,low,5,namesilo,,,27/09/2026 07:45
2693a3f5-4abf-44a5-86dd-77afbc5397f7,comatose.company,available,3.99,23.99,medium,low,8,name.com,,,12/08/2026 18:25
b0e94eb8-01e5-4e09-9ff6-72399c52545c,capsulated.company,available,3.99,23.99,medium,low,10,name.com,,,11/08/2026 18:12
89ee551b-120c-4ab9-9ba8-8c4d4b3adfb8,mil.company,premium,242,242,high,low,3,namesilo,,,11/08/2026 22:57
97007bd0-cfa2-4cc5-868d-7f78057be409,wary.company,available,3.99,23.99,medium,low,4,name.com,,,22/08/2026 22:32
f32f9b24-da86-40c1-ba93-7b41f7252f76,tucked.company,available,21.98,27.98,high,low,6,namecheap,,,11/09/2026 21:02
65bc70fe-097a-49ae-a350-5571ac0c0fba,yearningly.company,available,20.99,20.99,medium,low,10,namesilo,,,15/09/2026 12:56
d57cecd6-7a01-4067-a4c9-68dffd963a8b,proficient.company,available,21.98,27.98,high,low,10,namecheap,,,21/09/2026 17:23
da86945f-69f9-4e1e-8500-2e0fe71d2f51,validly.company,available,20.99,20.99,medium,low,7,namesilo,,,16/09/2026 10:42
4cedc700-50ad-4778-81aa-e16fd60b7dfd,tapes.company,available,20.99,20.99,medium,low,5,namesilo,,,25/09/2026 21:42
c77292b7-9d49-4adf-a229-d0d2abfe1ad3,clam.company,available,3.99,,high,low,4,name.com,,,
1b45b372-8a3a-4b79-b824-17581cb40040,year.company,available,3.99,,high,low,4,name.com,,,
b68e2eac-6122-408c-ba85-feb8a30acfd3,dependant.company,available,3.99,23.99,medium,low,9,name.com,,,14/08/2026 02:08
07f4be21-d4f5-4277-b90e-aeb022d51107,actium.company,available,20.99,20.99,medium,low,6,namesilo,,,17/09/2026 05:08
b85fb8da-a06e-4456-8c8b-5a4b77b53f9f,uniquely.company,available,21.98,27.98,high,low,8,namecheap,,,16/09/2026 10:06
e6196a3c-275d-4a6c-8784-ab5050d524c5,betoken.company,available,20.99,20.99,medium,low,7,namesilo,,,21/09/2026 03:31
d5d37d5b-8e2f-4de4-906c-9158d95ccf3e,whichever.company,available,3.99,,medium,low,9,name.com,,,
39575e1d-8c8d-4e8d-97ab-41466f73ebb0,larger.company,available,21.98,27.98,high,low,6,namecheap,,,22/09/2026 20:38
9b7b40cb-02d5-46bc-857a-cbf12e4b5979,threads.company,resell,,,high,low,7,"GoDaddy.com, LLC",25/09/2024 17:22,25/09/2027 17:22,26/09/2026 09:36
b5a1036e-cbf5-49c3-84b3-c24c4a62e9e2,clement.company,available,3.99,23.99,high,low,7,name.com,,,12/08/2026 10:42
6485e17c-06f7-44d3-81aa-c342d20bd6bd,punjab.company,available,20.99,20.99,high,low,6,namesilo,,,27/09/2026 05:06
bb34bf8b-fc5d-4b83-96f9-f0ca5ab118d3,aplite.company,available,20.99,20.99,medium,low,6,namesilo,,,19/09/2026 17:42
ab0fbc01-d2c8-4119-8a29-4766c7317054,honorific.company,available,3.99,23.99,medium,low,9,name.com,,,21/08/2026 13:32
ff853f4d-bbf1-44fc-bf39-ae3757b40049,frequently.company,available,3.99,,high,low,10,name.com,,,
071b3369-4003-4623-9d40-585ea9fed5ba,strict.company,available,3.99,23.99,high,low,6,name.com,,,21/08/2026 00:17
e1ea4cf0-3835-4d41-8b87-d198f269013d,step.company,resell,,,high,low,4,Porkbun LLC,07/05/2024 17:00,07/05/2027 17:00,26/09/2026 09:18
a2c6b06d-ddb1-497c-9c18-2a5368808d77,annam.company,available,20.99,20.99,medium,low,5,namesilo,,,19/09/2026 10:09
53b6660c-3d37-438e-8ad6-f612b6dc3e8d,atopy.company,available,20.99,20.99,medium,low,5,namesilo,,,21/09/2026 00:33
b19cad46-fe9f-4717-aad4-1b1f93eb10bd,homeless.company,available,3.99,23.99,high,low,8,name.com,,,14/08/2026 12:07
1913c4b7-acde-46c2-918f-1982807625f2,variation.company,available,3.99,23.99,high,low,9,name.com,,,03/09/2026 11:43
80f42beb-a9ba-4104-a820-afe86a8c6581,arrogance.company,available,21.98,27.98,high,low,9,namecheap,,,20/09/2026 09:19
49e4b7cf-46ff-4cfe-82e8-9bd235ab20f3,alkali.company,available,20.99,20.99,high,low,6,namesilo,,,18/09/2026 08:16
e604a372-74b0-47a6-96dc-5e0980608569,abominable.company,available,3.99,23.99,medium,low,10,name.com,,,
798c37c7-5ba6-4cbf-b338-e7116d42aa1a,flier.company,available,3.99,23.99,high,low,5,name.com,,,11/08/2026 05:10
f5f2f32b-c458-4bf7-9e34-7161cdef6891,floral.company,resell,,,high,low,6,Squarespace Domains II LLC,01/08/2021 04:12,01/08/2028 04:12,26/09/2026 06:09
9321d988-2efa-4aeb-bfc1-dee8764a7593,unburied.company,available,20.99,20.99,medium,low,8,namesilo,,,12/09/2026 04:40
40edba6b-d039-4836-97ed-7b368c9a331f,uppish.company,available,3.99,23.99,low,low,6,name.com,,,09/08/2026 20:46
49a6b11a-c1da-49c4-9c33-dd5d349cdbb0,diatonic.company,available,3.99,23.99,high,low,8,name.com,,,14/08/2026 06:21
9e5e7d53-f509-4072-bdce-095b3bbe2717,lanky.company,available,3.99,23.99,medium,low,5,name.com,,,18/08/2026 20:11
0561dd38-226d-4200-8242-87a944ac0520,unparallel.company,available,20.99,20.99,medium,low,10,namesilo,,,12/09/2026 16:27
9f7e2e9a-0c0b-4181-961f-45a155030a07,rated.company,available,3.99,,high,low,5,name.com,,,
3d0df752-0ad0-4453-b576-32ca4e665831,autarchy.company,available,20.99,20.99,medium,low,8,namesilo,,,21/09/2026 05:05
4a924b67-3fca-4a5b-a01d-f44ec80dc90c,parthian.company,available,20.99,20.99,high,low,8,namesilo,,,08/09/2026 01:59
92475910-a730-4571-a4dc-f714249a7a1a,hemorrhage.company,available,21.98,27.98,medium,low,10,namecheap,,,24/09/2026 05:28
cc64593b-3ab8-4412-be23-81d4c8237e98,hunchback.company,available,3.99,23.99,medium,low,9,name.com,,,13/08/2026 07:49
8e190d4e-8f86-4c2f-a2a9-221ff4d02ae3,autochthon.company,available,20.99,20.99,medium,low,10,namesilo,,,21/09/2026 06:02
049c878a-8f54-40e7-993c-5b6c53bd52c7,adaptable.company,available,20.99,20.99,high,low,9,namesilo,,,21/09/2026 16:52
1bbbe39a-796c-4112-8c75-b66841755d73,littoral.company,available,3.99,23.99,medium,low,8,name.com,,,24/08/2026 07:35
e78dd413-68ec-4e8e-b4bd-323e0a81841f,ashtray.company,available,20.99,20.99,high,low,7,namesilo,,,20/09/2026 14:02
b711a5b8-c7c9-44fd-ab5b-30f8fd922bbf,dice.company,available,,,high,low,4,,,,
1f720a18-ab24-42d6-96b6-ce3db2145fe7,tylenol.company,available,,,high,medium,7,,,,
9e6f48b8-7e43-4903-9920-9ef2255cd6eb,waggish.company,available,3.99,23.99,medium,low,7,name.com,,,13/09/2026 07:38
c8310a61-c690-4205-a0dd-e5987de416dc,mao.company,premium,82.5,,high,low,3,name.com,,,
4b7d17e4-9e1e-4c4b-9b42-e950483bea56,getting.company,available,3.99,,high,low,7,name.com,,,
00728593-e220-44ff-bcf1-68eae9517856,notifiable.company,available,20.99,20.99,medium,low,10,namesilo,,,03/09/2026 22:10
793fb054-7732-48d4-92bf-fd3d6dceb695,period.company,available,20.99,20.99,high,low,6,namesilo,,,25/09/2026 12:50
f2157dd7-1930-4e95-809a-01e7655abca8,protected.company,available,20.99,20.99,high,low,9,namesilo,,,27/09/2026 07:42
852eb181-97bb-4f28-bef5-7547fd53ec53,newsfeed.company,available,20.99,20.99,low,low,9,namesilo,,,17/09/2026 05:41
a2a98de1-8f9f-4127-988d-870b3fa46cb6,photograph.company,available,20.99,20.99,high,low,10,namesilo,,,26/09/2026 00:03
b8d7b460-3c1c-45fd-8e22-01824ed397a0,hosts.company,available,20.99,20.99,high,low,5,namesilo,,,18/09/2026 22:23
c19b13c3-3a37-4537-930a-f8fc4dc85c56,fifteen.company,available,20.99,20.99,high,low,7,namesilo,,,21/09/2026 11:44
4da5bdae-42e9-4894-b4a6-0a20198471b8,angling.company,available,20.99,20.99,high,low,7,namesilo,,,19/09/2026 06:50
7f0d13af-2d7d-448a-b3d9-e213429ae1be,starless.company,available,21.98,27.98,medium,low,8,namecheap,,,10/09/2026 18:52
bdd0fbc3-497b-415c-8e4e-b7b23260736e,star.company,resell,,,high,medium,4,Dynadot Inc,02/12/2021 13:15,02/12/2027 13:15,26/09/2026 09:16
b135140c-2a89-4977-b858-fddde9d68412,droll.company,available,3.99,23.99,medium,low,5,name.com,,,14/08/2026 19:39
53c9a4e5-5840-4418-845e-722f624f8ac8,violence.company,available,21.98,27.98,high,low,8,namecheap,,,27/09/2026 03:55
c56df960-0149-4815-be90-b95225ce1915,arthur.company,premium,15.34,15.34,high,low,6,namesilo,,,20/09/2026 10:45
05e11ba8-6000-459d-ab38-563bbc499323,eyetooth.company,available,3.99,23.99,medium,low,8,name.com,,,11/08/2026 16:59
a33cdfe1-7dc4-42d5-bc9a-15a496821d97,aslant.company,available,3.99,23.99,medium,low,6,name.com,,,07/08/2026 03:56
2a22819f-2612-4b85-b581-7773eba7d7b7,insomniac.company,available,3.99,23.99,high,low,9,name.com,,,22/08/2026 07:22
e6b67b8c-5de6-4509-bf18-aacaf8a0c7fe,applet.company,premium,16.9,16.9,high,low,6,namecheap,,,19/09/2026 21:38
1aa78b19-3967-4c8e-af0e-cba8cbaca6da,kroeber.company,available,20.99,20.99,medium,low,7,namesilo,,,18/09/2026 06:35
064be2bc-6468-4cce-8c00-247677e468ef,posing.company,available,20.99,20.99,high,low,6,namesilo,,,10/09/2026 08:59
b0ca1191-2cae-4b3c-80c1-047f15b2d036,stress.company,premium,15.34,15.34,high,low,6,namesilo,,,
c2740d99-e431-4d8b-85f6-daf569b9bc2b,impractical.company,available,3.99,,medium,low,11,name.com,,,
eac3a85d-1bbf-42a8-97d7-404b659c5485,colorise.company,available,3.99,23.99,medium,low,8,name.com,,,12/08/2026 17:36
daa007e1-db01-40ad-81ca-7bda60569852,anaglyphic.company,available,3.99,23.99,medium,low,10,name.com,,,
c9dd6730-f1e8-4f75-9eb1-9a9f983b45d3,alcazar.company,available,21.98,27.98,medium,low,7,namecheap,,,18/09/2026 03:51
dea6b030-1062-4bda-aedf-d5b7d27253b3,carnegie.company,available,20.99,20.99,high,low,8,namesilo,,,19/09/2026 04:42
c6e4dce0-1a5f-498c-bf74-c4f69d68a767,resident.company,available,21.98,27.98,high,low,8,namecheap,,,03/09/2026 19:51
10395bc9-8286-4875-9e72-3baa547b5ab0,visually.company,available,20.99,20.99,high,low,8,namesilo,,,16/09/2026 11:04
bcfea4b8-22f5-4bd9-bb71-12aed30e73db,seamy.company,available,3.99,23.99,medium,low,5,name.com,,,10/09/2026 00:49
5eeff2b9-e299-4976-9f24-9459891502a2,addressed.company,premium,15.34,15.34,high,low,9,namesilo,,,
e7f4312e-448e-416b-9b39-17574e9c28ad,indecisive.company,available,3.99,23.99,medium,low,10,name.com,,,22/08/2026 02:27
f5c53369-612d-4664-a171-e23f3352704b,fragile.company,premium,15.34,15.34,high,low,7,namesilo,,,18/08/2026 13:57
c16e2b29-2f83-446a-8202-1cb1fbc64cda,engraved.company,available,3.99,23.99,high,low,8,name.com,,,17/08/2026 07:40
dc54f328-4bd4-4366-9197-902e31ae7e48,softly.company,available,21.98,27.98,high,low,6,namecheap,,,27/09/2026 03:45
b0598aa0-fa25-4de6-9fd7-ea08ab1a5c9d,railways.company,premium,16.9,16.9,medium,low,8,namecheap,,,18/09/2026 22:58
76ca246f-c000-448f-a374-0fd9955aa81d,hunted.company,available,3.99,23.99,high,low,6,name.com,,,21/08/2026 15:43
d104d0a8-7ff5-4418-a11b-7811c6ce6305,figured.company,available,3.99,23.99,high,low,7,name.com,,,18/08/2026 04:00
7aeae566-1199-4f01-8b64-8c13a8c6a49d,genetical.company,available,3.99,23.99,medium,low,9,name.com,,,18/08/2026 21:37
1cbd0f91-88d0-4a91-b589-37a7b8c58b4f,croak.company,available,21.98,27.98,medium,low,5,namecheap,,,24/09/2026 19:33
32aa168f-1ee0-4046-a9b9-31b4b005849a,basra.company,available,20.99,20.99,medium,low,5,namesilo,,,22/09/2026 10:33
2815db8a-c511-40e6-9a12-19597b21afc7,dextrous.company,available,3.99,23.99,high,low,8,name.com,,,13/08/2026 23:53
aa6d723a-2556-4101-b47b-4869b3035a8f,ushers.company,available,20.99,20.99,medium,low,6,namesilo,,,20/09/2026 19:46
7a94ef80-31bc-498f-8238-c6e7a661d9cb,edmund.company,available,21.98,27.98,high,low,6,namecheap,,,25/09/2026 19:09
79882201-4d8e-48f7-8160-62a1ff844121,uplifted.company,available,20.99,20.99,high,low,8,namesilo,,,12/09/2026 23:11
5ce57688-892e-44ac-91d6-02f279d66c9a,increasing.company,available,20.99,20.99,high,low,10,namesilo,,,25/09/2026 08:12
7f943bdb-b76e-45bf-97a5-1ab9f3e6236f,argot.company,available,20.99,20.99,medium,low,5,namesilo,,,13/09/2026 04:14
51dc63df-d73e-429a-b70e-4837b10c8915,appetence.company,available,21.98,27.98,medium,low,9,namecheap,,,19/09/2026 20:44
eeddbce7-72f5-4907-a306-117b0051a3ff,bluster.company,available,3.99,23.99,medium,low,7,name.com,,,11/08/2026 01:07
390ca55d-d61a-4bc1-a5d6-605cfcd7d924,boxing.company,premium,38.94,38.94,high,low,6,namesilo,,,24/09/2026 08:28
b5ef99c6-e4fb-46ff-8576-cb1830dc1976,wavering.company,available,20.99,20.99,medium,low,8,namesilo,,,13/09/2026 00:41
32f3b84e-6348-423f-89ad-3741c0771f30,astral.company,resell,,,high,low,6,"Sav.com, LLC - 18",24/03/2026 15:15,24/03/2027 15:15,26/09/2026 04:05
c0b6628a-b72f-4ba0-9cd3-a2f0a5d04c47,enceinte.company,available,3.99,23.99,medium,low,8,name.com,,,16/08/2026 22:09
c7192035-a2e2-4ed8-b6c5-08176b4fa46c,favorably.company,available,3.99,23.99,high,low,9,name.com,,,14/09/2026 18:00
fafc63f1-6e48-443b-b90b-cc5781c40252,nephew.company,available,3.99,,high,low,6,name.com,,,
7d6d6717-9fcb-48fa-ae59-6ea35ee03c90,pelvic.company,available,20.99,20.99,high,low,6,namesilo,,,08/09/2026 13:42
13377482-aca0-484f-8057-911382851da4,araxes.company,available,21.98,27.98,medium,low,6,namecheap,,,20/09/2026 00:19
db1658f7-d464-481f-9679-31faef4dd8e4,torn.company,available,20.99,20.99,high,low,4,namesilo,,,25/09/2026 16:39
a8730d5c-7840-47ed-8718-1a25185475be,accent.company,premium,15.34,15.34,high,low,6,namesilo,,,16/09/2026 21:50
4003afbb-769a-47bc-8e19-f09e30a947bc,roadster.company,available,3.99,23.99,high,low,8,name.com,,,11/08/2026 08:06
79d3ae92-bba3-44e4-aafd-1af112fc4f42,madly.company,available,20.99,20.99,medium,low,5,namesilo,,,14/09/2026 09:19
9328ad5f-2bac-4bdf-9a0a-8fed7c3e02c2,tickle.company,available,20.99,20.99,high,low,6,namesilo,,,11/09/2026 15:31
32f54d3a-e838-4803-8a5b-00757d78ffe8,echoes.company,available,21.98,27.98,high,low,6,namecheap,,,19/09/2026 20:18
f90de1e1-4f79-4319-89db-883d58a33988,xlviii.company,available,3.99,23.99,medium,low,6,name.com,,,
6c85703b-d382-4351-9fae-4f0a788a6958,ruddy.company,available,3.99,23.99,high,low,5,name.com,,,10/08/2026 14:59
45a78eb0-3ab2-4031-b629-cda516a588d5,noise.company,resell,,,high,low,5,Dynadot Inc,12/03/2020 15:09,12/03/2027 15:09,26/09/2026 07:47
903f1ded-5e55-4b46-b3c1-d2a3565f657e,banns.company,available,21.98,27.98,medium,low,5,namecheap,,,22/09/2026 02:56
2981e895-47be-4cf9-a624-ef203f91a879,jazz.company,resell,,,high,low,4,Dynadot Inc,12/06/2021 00:37,12/06/2027 00:37,26/09/2026 06:59
e6a12273-314a-495b-95af-6c54d264be78,concentrated.company,available,3.99,,high,low,12,name.com,,,
b92aaebd-c00a-441d-a532-a57711330f6f,alcoves.company,available,20.99,20.99,low,low,7,namesilo,,,20/09/2026 22:35
7028354c-b06e-402a-9cca-15fab50e464d,lovingness.company,available,3.99,23.99,high,low,10,name.com,,,11/08/2026 19:18
b30b1579-5001-475d-80d3-e44f7197d7d0,argentic.company,available,3.99,23.99,medium,low,8,name.com,,,06/08/2026 18:06
196ced06-25db-4baa-9383-e8f295e867e9,quantities.company,available,3.99,,low,low,10,name.com,,,
d6e1d83f-7e5f-4d55-8eaa-92caad9c747c,blancmange.company,available,20.99,20.99,medium,low,10,namesilo,,,24/09/2026 03:51
2901ac96-84f3-4106-a617-23e57926e880,xanthous.company,available,20.99,20.99,medium,low,8,namesilo,,,13/09/2026 14:00
e93f8682-5bdc-4ceb-b5ab-dae4ff47184f,conserved.company,available,3.99,23.99,high,low,9,name.com,,,12/08/2026 22:38
61952f75-b59b-4647-ac89-1ff084db887c,codified.company,available,3.99,23.99,medium,low,8,name.com,,,12/08/2026 15:19
28405054-0cb0-4929-a0eb-f421ab2648cb,hoydenish.company,available,3.99,23.99,low,low,9,name.com,,,21/08/2026 14:29
e920c3c4-05bb-4a2d-9d9b-1d0657a25593,contagious.company,available,3.99,23.99,high,low,10,name.com,,,11/08/2026 21:18
33ff7565-6e07-4934-86ef-89bde3396930,classical.company,premium,15.34,15.34,high,low,9,namesilo,,,12/08/2026 09:42
de2d7856-9ee9-490a-ac17-86aec4c1fe6b,circle.company,resell,,,high,medium,6,"Chengdu West Dimension Digital Technology Co., Ltd.",03/11/2020 19:01,03/11/2029 19:01,26/09/2026 04:56
c33c8386-01d6-44d4-85be-a5b691426668,oars.company,available,20.99,20.99,medium,low,4,namesilo,,,18/09/2026 11:47
f217cb1b-c03a-4f8f-bb25-c271da8d5727,repellant.company,available,3.99,23.99,medium,low,9,name.com,,,14/08/2026 10:41
b1d5b83a-33c0-47a8-b680-517d7c0c9f0b,sunglass.company,available,20.99,20.99,high,low,8,namesilo,,,25/09/2026 14:29
8e51b84b-e360-46e3-a77e-251abfdb08ab,disabling.company,available,3.99,23.99,medium,low,9,name.com,,,13/08/2026 07:09
c35b7388-4dbe-4bf1-b435-8e6621893513,waybill.company,available,20.99,20.99,high,low,7,namesilo,,,23/09/2026 16:05
f2945c64-a1bb-4b77-9dc2-b6bbbdf20a12,soaked.company,available,3.99,23.99,medium,low,6,name.com,,,09/08/2026 15:52
3a002889-d627-44a5-a583-ce130a399352,adamantine.company,available,3.99,23.99,high,low,10,name.com,,,
2be71cc9-b7cc-486d-98a9-397659b4e426,congress.company,available,20.99,20.99,high,low,8,namesilo,,,24/09/2026 13:02
3dde65c6-fca0-4794-8e66-491e87d82e5c,filetypes.company,available,21.98,27.98,low,low,9,namecheap,,,20/09/2026 01:57
ea33da3d-ac75-43dd-a4c5-f341d56ed98c,asclepius.company,available,21.98,27.98,medium,low,9,namecheap,,,17/09/2026 13:21
5cbdd217-d9cc-435b-b63c-333d80ab5fad,bunco.company,available,20.99,20.99,medium,low,5,namesilo,,,14/09/2026 07:59
aa7c4c90-c378-4c6e-860b-2b1b445e560b,ang.company,available,20.99,20.99,high,low,3,namesilo,,,17/09/2026 22:42
f6b9176d-8fa7-4636-8a7d-a14308b95ca6,swelling.company,available,20.99,20.99,high,low,8,namesilo,,,24/09/2026 11:05
305b8eea-fd18-49af-ad63-72c6f5268325,elliot.company,resell,,,high,low,6,Dynadot Inc,23/09/2026 17:00,23/09/2027 17:00,26/09/2026 05:48
069e14eb-fd50-43af-8347-ea67ed66a77b,fanta.company,available,3.99,,high,low,5,name.com,,,
d5381f3a-9593-42b7-9bc6-664087e868dc,medial.company,available,3.99,23.99,high,low,6,name.com,,,24/08/2026 18:51
52cbfbbc-c7cb-46d8-84c8-dffa804ad72e,meridional.company,available,3.99,23.99,medium,low,10,name.com,,,24/08/2026 20:52
aac1630f-43bb-4ce6-858a-d52a3c651924,ruffian.company,available,3.99,23.99,medium,low,7,name.com,,,11/08/2026 08:41
d3395100-ac4b-49d0-a16a-f723402c92b5,justices.company,available,20.99,20.99,medium,low,8,namesilo,,,20/09/2026 11:20
a95ce751-8767-442f-80be-3cd47506fd34,brachial.company,available,3.99,23.99,medium,low,8,name.com,,,11/08/2026 00:19
6c8d4ea4-21d4-4be1-8a60-5d5c6e647e2f,actaea.company,available,21.98,27.98,medium,low,6,namecheap,,,17/09/2026 04:11
43172b93-e1f3-4f2c-ab55-6696858754fc,hangar.company,available,20.99,20.99,high,low,6,namesilo,,,17/09/2026 23:05
0691fcb2-6456-4eae-80ac-bce5acedeac8,parve.company,available,20.99,20.99,medium,low,5,namesilo,,,08/09/2026 01:27
96c2d3b6-14bb-4860-b928-e533777e2807,celibate.company,available,3.99,23.99,high,low,8,name.com,,,11/08/2026 23:25
d9b8d839-9f9f-43bf-a98b-9a1f06851286,playstation.company,available,,,high,high,11,,,,
8db56992-58d2-4322-819c-b8eb62d05c8d,bishopric.company,available,20.99,20.99,high,low,9,namesilo,,,23/09/2026 21:59
086e1ea5-141b-4156-95d2-382db634f96a,unsociable.company,available,3.99,23.99,medium,low,10,name.com,,,12/09/2026 20:09
1f910b98-c1b6-44e6-971f-a2a6d01a983a,involved.company,available,20.99,20.99,high,low,8,namesilo,,,25/09/2026 11:16
fd4db215-0ada-4de7-aa2f-84c3a4af75fb,pervious.company,available,21.98,27.98,medium,low,8,namecheap,,,08/09/2026 18:09
2fca83ad-500f-4760-9f24-1918a8982cda,slowly.company,available,3.99,23.99,high,low,6,name.com,,,22/08/2026 23:55
3534ea73-5ebc-4c88-ad0b-49775fc3b205,felonious.company,available,3.99,23.99,medium,low,9,name.com,,,18/08/2026 00:58
b6382954-98fa-40a8-85cd-b20d26e28d7b,berber.company,available,20.99,20.99,high,low,6,namesilo,,,23/09/2026 09:07
e44ff849-a893-4196-9a47-58953399d609,anticipant.company,available,3.99,23.99,medium,low,10,name.com,,,
a96231b2-f392-4ac2-bbe8-857b1d373ae3,sweetie.company,available,20.99,20.99,high,low,7,namesilo,,,10/09/2026 19:34
1d1bcba4-231b-4174-958e-c2ccd3a30dcb,defile.company,available,3.99,23.99,medium,low,6,name.com,,,24/08/2026 12:53
7b51bf96-c0b6-4b83-bc3c-f57c5d7739c5,dictated.company,available,3.99,23.99,medium,low,8,name.com,,,14/08/2026 06:36
02a7eb89-d089-4a9c-9517-bc0af7c1129d,disturb.company,available,3.99,,high,low,7,name.com,,,
517c2ce4-c13a-4f92-b271-f7ca1817a0b4,bicentric.company,available,3.99,23.99,medium,low,9,name.com,,,09/08/2026 19:09
58b4a8fb-f1ab-4cbf-bcac-c2c3a9a2a2e1,transport.company,resell,,,high,low,9,GoDaddy Online Services Cayman Islands Ltd.,24/06/2015 16:00,24/06/2033 16:00,26/09/2026 09:44
fc96bbe5-428e-4305-b38b-130b8b2993f3,coventry.company,available,20.99,20.99,medium,low,8,namesilo,,,22/09/2026 02:09
bf726011-ddc6-4933-a6e6-39594e0fd5fd,wong.company,premium,250,250,high,low,4,name.com,,,26/09/2026 03:13
f5df8043-ddeb-4d62-91d7-2ac88dfbcb8b,theistic.company,available,20.99,20.99,medium,low,8,namesilo,,,11/09/2026 12:41
0fc21b80-223e-437e-af2e-e0a84ef04267,addictive.company,available,21.98,27.98,high,low,9,namecheap,,,21/09/2026 17:08
bd372407-2af7-492f-b2f0-c0d085951271,albula.company,available,20.99,20.99,medium,low,6,namesilo,,,18/09/2026 03:24
6a0fd71c-f9bd-458f-9d51-c7fee9a66c50,perforate.company,available,20.99,20.99,high,low,9,namesilo,,,08/09/2026 16:54
2bb677b0-2b31-4274-bfb6-c9c2050b0161,aigrette.company,available,3.99,23.99,medium,low,8,name.com,,,17/09/2026 20:55
4fc50c7c-bbbc-475d-9897-25d4b364e9c1,exocentric.company,available,3.99,23.99,medium,low,10,name.com,,,17/08/2026 17:21
d6d24440-606e-4f32-96f1-632a892b04ee,ferial.company,available,3.99,23.99,medium,low,6,name.com,,,18/08/2026 01:56
6ddeb26e-99a3-44e0-9b25-a6eafef5f5a3,hunker.company,available,20.99,20.99,medium,low,6,namesilo,,,10/09/2026 17:39
3209cb8d-b7eb-4ca6-b762-2312b4a92ed4,ascites.company,available,20.99,20.99,medium,low,7,namesilo,,,20/09/2026 13:17
573cc443-0ad9-42b4-9671-4df53b438b2c,lips.company,available,3.99,,high,low,4,name.com,,,
810ee088-8733-4e24-a000-ddd25a32b26e,sterilised.company,available,21.98,27.98,medium,low,10,namecheap,,,10/09/2026 20:13
0b4a54e3-6156-4f3a-8307-e86d0137645d,shoveler.company,available,20.99,20.99,medium,low,8,namesilo,,,19/09/2026 02:54
08785fe8-3931-4c02-a2ce-0c0d8d232021,employable.company,available,3.99,23.99,high,low,10,name.com,,,16/08/2026 18:22
3e4763ef-8e1a-46ba-bb73-23da12c7f348,hannukah.company,available,3.99,,medium,low,8,name.com,,,
ee739ef3-556c-413d-9561-5ff0f93ad9cd,grandfather.company,available,3.99,,high,low,11,name.com,,,
31cc0d71-8b48-4533-aa36-a166ec9b20f2,ballyrag.company,available,3.99,23.99,medium,low,8,name.com,,,11/08/2026 08:57
07d13402-a612-420e-bbf8-7f4a27d24f7a,axil.company,premium,15.34,15.34,high,low,4,namesilo,,,21/09/2026 10:22
40216984-0f12-4dd3-87f4-a98a1e120221,agilely.company,available,21.98,27.98,medium,low,7,namecheap,,,13/09/2026 18:16
d3d71998-d3c0-4571-841e-4592448ed0fa,baptisia.company,available,21.98,27.98,medium,low,8,namecheap,,,22/09/2026 03:24
4ba1c5f1-0ee2-4ce4-b0b8-237308289abd,humdrum.company,available,3.99,23.99,medium,low,7,name.com,,,21/08/2026 15:05
c4ff0850-a6b7-4c13-8dcc-aac817806641,aerialist.company,available,20.99,20.99,high,low,9,namesilo,,,17/09/2026 12:50